{
  "network": "gin",
  "node_feature": "all",
  "edge_feature": "all",
  "batch_size": 64,
  "patience": 50,
  "hid_dim": 128,
  "num_epochs": 1000,
  "num_layers": 1,
  "lr": 0.001,
  "device": "cuda:0",
  "node_dim": 400,
  "edge_dim": 75,
  "num_class_l1": 9,
  "num_class_l2": 22,
  "num_class_l3": 23,
  "verbose": true,
  "num_materials": 17,
  "material test results": {
    "f1": {
      "macro": {
        "mean": 0.6865578667101444,
        "std": 0.05576171457878556,
        "data": [
          0.7437784204898685,
          0.6425937805641886,
          0.6705518187399677,
          0.6962419574638437,
          0.7528747353062495,
          0.6747630542159924,
          0.5805735895525925,
          0.8095363707595225,
          0.6592576424731798,
          0.6327935488525278,
          0.7197149427704316,
          0.7207658748895757,
          0.7495683371491656,
          0.666791851392194,
          0.8006308709169613,
          0.6745358363170275,
          0.6820144658371521,
          0.6437559544193162,
          0.7027258689624152,
          0.679665285140824,
          0.6370677598505899,
          0.6867067352705316,
          0.5988690131061565,
          0.700845526184432,
          0.7582092298570543,
          0.6792637705460236,
          0.6952615163485484,
          0.611562574903134,
          0.7555468118947267,
          0.6605889665863096,
          0.650276647377005,
          0.6522835833224917,
          0.6200215858758911,
          0.6751086464848938,
          0.6155015243125925,
          0.6179811283455903,
          0.748022528066881,
          0.7387561536475714,
          0.7724576344131153,
          0.7321812941875581,
          0.7443252168605122,
          0.6247265408475758,
          0.7752636711839331,
          0.7583373609979576,
          0.7061355664592807,
          0.6657297317521699,
          0.6395402303546555,
          0.6772936696281852,
          0.6102801945252505,
          0.61661431610361
        ]
      },
      "micro": {
        "mean": 0.8083262084592242,
        "std": 0.035153789267109395,
        "data": [
          0.8775991425509111,
          0.8444390598497699,
          0.8365354330708662,
          0.796364529599607,
          0.7898277717976319,
          0.7825332562174667,
          0.7625145518044237,
          0.8540044493882091,
          0.7598241985522234,
          0.7574215436810857,
          0.8166461916461916,
          0.7984251968503937,
          0.8216543006320418,
          0.7902587519025875,
          0.9245674740484428,
          0.806727175654031,
          0.8009779951100244,
          0.8224096906770495,
          0.7822740814299901,
          0.8018560321043391,
          0.8312937062937062,
          0.837385722622058,
          0.7818181818181819,
          0.8224646665013637,
          0.8120871054563249,
          0.7610755441741357,
          0.788681349316978,
          0.7475870137467095,
          0.8178752107925801,
          0.8008614137319483,
          0.8091738469336036,
          0.8416080843585237,
          0.7652303120356612,
          0.8069350573023801,
          0.7884528642309427,
          0.7782356246488107,
          0.8441652573085286,
          0.8460575719649562,
          0.8528771384136858,
          0.8467063410630002,
          0.8044280442804429,
          0.7807300053676866,
          0.8443086671192578,
          0.8369954011241697,
          0.8273129806571896,
          0.763944530046225,
          0.7845990063875089,
          0.8355998057309374,
          0.7594349567784103,
          0.7715241861880134
        ]
      },
      "weighted": {
        "mean": 0.8013304354598934,
        "std": 0.03654789390115669,
        "data": [
          0.8714521856781718,
          0.8440094507964975,
          0.8337891795469167,
          0.7864906594174529,
          0.777835134832669,
          0.7714785288484247,
          0.7568421692621718,
          0.8481551003582911,
          0.7492334189093222,
          0.7539636486923205,
          0.815359805901712,
          0.791253980708825,
          0.8134557011928576,
          0.786580856549181,
          0.9228362815754639,
          0.8054354724016801,
          0.7896420601748545,
          0.8127626427778605,
          0.7745516642546256,
          0.7948681286705108,
          0.8265890578468338,
          0.8320843140364842,
          0.7723645486485162,
          0.8215637044885041,
          0.8032987749262498,
          0.7572317787415762,
          0.7793393160303885,
          0.7287079250025537,
          0.8155348782310592,
          0.792617932995814,
          0.7969471851861929,
          0.8347601656129047,
          0.7586836725270805,
          0.798073689778196,
          0.7777637304406586,
          0.7742205506034744,
          0.83172803541854,
          0.8456068505102831,
          0.8458808794696145,
          0.8392454992115964,
          0.7942497390290679,
          0.7765697744843628,
          0.8376361362226893,
          0.8317878932620885,
          0.8209905360999487,
          0.7555935240356646,
          0.7727186983925696,
          0.8245560284613085,
          0.7499250479348323,
          0.7702558348158108
        ]
      }
    },
    "precision": {
      "macro": {
        "mean": 0.8288431277141344,
        "std": 0.059240681930433095,
        "data": [
          0.8763071715264947,
          0.7708630545365499,
          0.7592356149248936,
          0.850823292227876,
          0.9149602458320706,
          0.8589110366298847,
          0.7396573212755645,
          0.9590579284387523,
          0.8442985852952174,
          0.8242549962790522,
          0.846783156654373,
          0.9104029052655243,
          0.8234028231214001,
          0.826862511788536,
          0.8945169440793604,
          0.7615412283570995,
          0.8789741986896829,
          0.7998014558935065,
          0.8765218342193694,
          0.7866383807448006,
          0.731842220164932,
          0.8254084364068272,
          0.6778040500104467,
          0.8302619865945144,
          0.8204069945920308,
          0.8058278858933432,
          0.8947200521617165,
          0.8312496686739999,
          0.8608619238396227,
          0.8033455399811044,
          0.8470638501787809,
          0.825452770145168,
          0.8301507473974163,
          0.8009506545097834,
          0.7566878700776891,
          0.6905582768214706,
          0.8701583996586933,
          0.7764529654013328,
          0.8989155776474484,
          0.8693319673781319,
          0.9333109225560262,
          0.7837172670527108,
          0.9246583333784155,
          0.854614411572084,
          0.8463999390584737,
          0.7834535148647569,
          0.8445940236309001,
          0.8636468722216082,
          0.7591999704017014,
          0.7972946076555817
        ]
      },
      "micro": {
        "mean": 0.8083262084592242,
        "std": 0.035153789267109395,