{
  "network": "gin",
  "node_feature": "all",
  "edge_feature": "all",
  "batch_size": 64,
  "patience": 50,
  "hid_dim": 128,
  "num_epochs": 1000,
  "num_layers": 2,
  "lr": 0.001,
  "device": "cuda:0",
  "node_dim": 400,
  "edge_dim": 75,
  "num_class_l1": 9,
  "num_class_l2": 22,
  "num_class_l3": 23,
  "verbose": true,
  "num_materials": 17,
  "material test results": {
    "f1": {
      "macro": {
        "mean": 0.715593675265547,
        "std": 0.06799528822574646,
        "data": [
          0.7265438110861341,
          0.7165376443717435,
          0.7242774364335978,
          0.6725183047968466,
          0.7025028265280233,
          0.7185902135808786,
          0.709539984811296,
          0.8575798307122041,
          0.8427160387529952,
          0.7346502063123955,
          0.6883082693178283,
          0.6928613286493214,
          0.8030368717750263,
          0.6793439506009843,
          0.6903936465765047,
          0.5227591277607171,
          0.7426721779370049,
          0.6836069941783013,
          0.7551123934783825,
          0.7797400561979764,
          0.7180528545065974,
          0.6102042499246108,
          0.6066168379144588,
          0.6823330236736754,
          0.6295796115515546,
          0.63504211426101,
          0.6931842159632512,
          0.7337227583990429,
          0.7893634385309394,
          0.652270841971094,
          0.6936432812779703,
          0.7784073726075811,
          0.8124905936213545,
          0.7162470715263127,
          0.799618627088171,
          0.6676746502973354,
          0.701066550930699,
          0.7370594864287625,
          0.5854704340957625,
          0.6661155086505466,
          0.7531748528929487,
          0.7436568247281989,
          0.7739456714142319,
          0.7995186847530642,
          0.7662307968327423,
          0.7088184334175541,
          0.8358278700810415,
          0.7716691477552009,
          0.6489935248646803,
          0.6263933194587934
        ]
      },
      "micro": {
        "mean": 0.8172824306602468,
        "std": 0.04433809562799321,
        "data": [
          0.8202007260303225,
          0.8076358296622613,
          0.8163064833005894,
          0.7729327306567402,
          0.8445003872966692,
          0.8731245064490656,
          0.8351012536162007,
          0.8917995444191344,
          0.8790491726870193,
          0.8051756785188301,
          0.7777244359097457,
          0.8086098162873594,
          0.8842153917263693,
          0.8203551912568307,
          0.8499095840867993,
          0.7063205960105744,
          0.8156061309800279,
          0.8566958698372967,
          0.8021428571428573,
          0.8383989726027398,
          0.8318754000426712,
          0.7367413887370148,
          0.7572115384615384,
          0.8405678405678406,
          0.7278645833333334,
          0.7845270474463583,
          0.8122162608336773,
          0.8345734126984127,
          0.8240357029008607,
          0.801884724961648,
          0.8070130534937292,
          0.8414979316350969,
          0.837055051956666,
          0.8133063496078928,
          0.8423167848699764,
          0.8480052038161319,
          0.8306173972917144,
          0.817008952080042,
          0.6682959342368363,
          0.7417682136375421,
          0.8208640674394099,
          0.8416435826408125,
          0.8593793681856303,
          0.8460194659346144,
          0.8268817204301075,
          0.8108389786347056,
          0.8914628914628915,
          0.8392044092978672,
          0.803421200224341,
          0.8202179176755447
        ]
      },
      "weighted": {
        "mean": 0.810038914557564,
        "std": 0.04679355963224517,
        "data": [
          0.8090143429415705,
          0.79878897211638,
          0.8107296632958094,
          0.7638158932064382,
          0.8369521723481971,
          0.8700593847342308,
          0.8294688381739825,
          0.8890759168573121,
          0.8749746427125895,
          0.8029234100221782,
          0.7673587701591547,
          0.7948459975992177,
          0.878716117894636,
          0.8183737188610961,
          0.8438550043883469,
          0.6798093464171968,
          0.8052208619348189,
          0.8523099783108665,
          0.7885278452190082,
          0.8317280879881565,
          0.8269090882582849,
          0.7234756701995779,
          0.7516805282258813,
          0.8338753059627384,
          0.7207981195534754,
          0.7757781626895128,
          0.8089902624967593,
          0.8337408446270912,
          0.8180899345556094,
          0.7928471161470774,
          0.7991349001915973,
          0.8353143330131717,
          0.833983589454006,
          0.8056326358482911,
          0.8389523236442087,
          0.8431744246432453,
          0.8243176686013477,
          0.8100827971967408,
          0.6601839898399959,
          0.727415111679918,
          0.815465528829504,
          0.8290631160514272,
          0.8551554110394137,
          0.840419756854112,
          0.8170409032275621,
          0.8061236165133767,
          0.8872630293933766,
          0.8264830627734836,
          0.8013881127721859,
          0.8126174184140432
        ]
      }
    },
    "precision": {
      "macro": {
        "mean": 0.8531837403325521,
        "std": 0.07446968561421052,
        "data": [
          0.8683287416967487,
          0.8680156211076082,
          0.7673678343464194,
          0.8011825006604635,
          0.9098785568496669,
          0.8860019235247355,
          0.8138339249474915,
          0.9607180394229211,
          0.9517873865071091,
          0.8433861034250291,
          0.8607235887671514,
          0.870209828278841,
          0.9505974230851573,
          0.7876214311054871,
          0.7760694387639354,
          0.7559707054055528,
          0.8828514362478912,
          0.7911376975415042,
          0.9037996200479275,
          0.9363046631549248,
          0.9322625221624298,
          0.7320273204680968,
          0.7381150751265418,
          0.8052540208307233,
          0.7201567079634799,
          0.796355326348613,
          0.7926089412356412,
          0.8199564933576986,
          0.9348428187126414,
          0.7852677504957338,
          0.8900693958457147,
          0.9399986054226753,
          0.9488498010107411,
          0.8364786305518659,
          0.9153726842570257,
          0.7694411520602777,
          0.9271510587341638,
          0.918995219108567,
          0.6932697981780256,
          0.8435330961427697,
          0.9258568790339257,
          0.9047214117237087,
          0.8649488892010953,
          0.9319138244004967,
          0.8986793863022285,
          0.7916371049056338,
          0.9603786997196232,
          0.9363571462645779,
          0.7875112147274983,
          0.7313895774488162
        ]
      },
      "micro": {
        "mean": 0.8172824306602468,
        "std": 0.0443380956279932,