{
  "network": "sage",
  "node_feature": "all",
  "edge_feature": "all",
  "batch_size": 64,
  "patience": 50,
  "hid_dim": 128,
  "num_epochs": 1000,
  "num_layers": 1,
  "lr": 0.001,
  "device": "cuda:0",
  "node_dim": 400,
  "edge_dim": 75,
  "num_class_l1": 9,
  "num_class_l2": 22,
  "num_class_l3": 23,
  "verbose": true,
  "num_materials": 17,
  "material test results": {
    "f1": {
      "macro": {
        "mean": 0.7102649134411365,
        "std": 0.07241524219219121,
        "data": [
          0.7878932179592284,
          0.7651645861721887,
          0.6599999169249249,
          0.6798064072008657,
          0.6922400934514683,
          0.7378637608903975,
          0.4847256987873058,
          0.7549062652353413,
          0.7757669891439551,
          0.7337804469062472,
          0.6724753445713184,
          0.7596473030795099,
          0.7982900033493057,
          0.6817219242301201,
          0.7923553240665326,
          0.8051356669020344,
          0.7629122015307264,
          0.7028514451180721,
          0.7653230809113082,
          0.7081948767148271,
          0.7392382974644841,
          0.6631672888446857,
          0.7355631350313167,
          0.6835391796025633,
          0.7313949530014957,
          0.5731124641619032,
          0.719564792148335,
          0.7006507263868357,
          0.7841157145493926,
          0.7003761912101395,
          0.6842161091761259,
          0.6038041789953678,
          0.7845670370160869,
          0.7198195488756052,
          0.6772451853967404,
          0.7126335105663213,
          0.6874376915200409,
          0.84711133045075,
          0.7884127955432279,
          0.7181612684233312,
          0.562000181111813,
          0.7351358589846788,
          0.5690471880472219,
          0.7121503482182457,
          0.6940984734441932,
          0.5524026841985434,
          0.7197073956994596,
          0.768227703721324,
          0.7906028022368523,
          0.6346870848840643
        ]
      },
      "micro": {
        "mean": 0.8159626555246631,
        "std": 0.05353059964705166,
        "data": [
          0.8557620817843866,
          0.8597122302158273,
          0.7484457197513151,
          0.7717114568599717,
          0.809309646953002,
          0.83777058969893,
          0.6833904643191026,
          0.8327823691460056,
          0.8816666666666667,
          0.7998864604030655,
          0.794741306191688,
          0.8583752695902228,
          0.9037620297462817,
          0.7792765174739424,
          0.8553559244939731,
          0.8612088263511354,
          0.9050335570469799,
          0.8000403144527313,
          0.8489622405601401,
          0.8221037324285022,
          0.854389721627409,
          0.7618852459016393,
          0.8364231188658668,
          0.7651640311541186,
          0.821606068532566,
          0.7514360313315926,
          0.850119189511323,
          0.8396560445118867,
          0.8699929725931131,
          0.7704843820733365,
          0.8455520786767993,
          0.7337856173677069,
          0.8487654320987654,
          0.8133928571428571,
          0.8168275862068965,
          0.8133495145631068,
          0.8345740281224152,
          0.9463042013030779,
          0.8602287166454892,
          0.8170881414191014,
          0.7592474489795918,
          0.808837890625,
          0.7084214980956413,
          0.8278749534797172,
          0.7998859749144812,
          0.6791422213230831,
          0.8082998661311914,
          0.81061473844979,
          0.8712163940590335,
          0.7642694063926939
        ]
      },
      "weighted": {
        "mean": 0.8089325296410071,
        "std": 0.0551317608127424,
        "data": [
          0.8495992252233617,
          0.8559647244975603,
          0.7434222656893856,
          0.7555435256113141,
          0.802105229590103,
          0.8319793882609441,
          0.6750664614948246,
          0.8201729902134167,
          0.8782781556894922,
          0.7936958728424385,
          0.7858095743268678,
          0.8516804216839283,
          0.9010895312486938,
          0.7722828322466762,
          0.8483875522621094,
          0.8536679601322471,
          0.9035694774911773,
          0.7897887058966485,
          0.8456603876496601,
          0.8131358229513636,
          0.8482568356034368,
          0.7522992678996013,
          0.8353704912590649,
          0.7601789411976245,
          0.8163190309423806,
          0.736186918563453,
          0.8458519058496389,
          0.8382255281089097,
          0.8617049979769038,
          0.7600815526620036,
          0.8347293555281191,
          0.7249863650630098,
          0.8419425842581484,
          0.8051521671861096,
          0.8128556471609651,
          0.8122242134650204,
          0.8278380575788028,
          0.9443123632628809,
          0.8536594286268796,
          0.8089949317900346,
          0.7515894610019763,
          0.8020835868978027,
          0.6970624209662406,
          0.8211970581049703,
          0.7862786139057624,
          0.6773561361732741,
          0.8029464016577836,
          0.8008353604241233,
          0.8660389712024756,
          0.7491677827307461
        ]
      }
    },
    "precision": {
      "macro": {
        "mean": 0.8568009894831121,
        "std": 0.06913784901254534,
        "data": [
          0.927447151419226,
          0.9302124588855117,
          0.7869163029228814,
          0.8663129957917901,
          0.8405783286164286,
          0.9069536442358699,
          0.6675234098350586,
          0.9236195672368601,
          0.8906264487321892,
          0.8743238662998387,
          0.7932543705647674,
          0.9353292197827867,
          0.8587336445586305,
          0.8346203469758013,
          0.8983381162699609,
          0.9318756880967951,
          0.829421813524704,
          0.9333112724923319,
          0.8934504703346602,
          0.9150177660454477,
          0.9056042673012711,
          0.8295409855495861,
          0.8154553479888876,
          0.9125275100352592,
          0.9015793262174606,
          0.8503473132002011,
          0.8217892690237278,
          0.8879739953064228,
          0.9092165912293465,
          0.850686568685259,
          0.8194815194761614,
          0.7194866361776189,
          0.9229068298204699,
          0.8421581297441721,
          0.8027378911226893,
          0.7877187437318641,
          0.8430021129014073,
          0.9154148528660616,
          0.9420211809773514,
          0.8784014706361949,
          0.643971975530304,
          0.8778891478563426,
          0.7869265869023702,
          0.8904018768631926,
          0.9080389724137397,
          0.679104926183885,
          0.8255038909791481,
          0.8423739373719683,
          0.9152620811416424,
          0.8746586543000552
        ]
      },
      "micro": {
        "mean": 0.8159626555246631,
        "std": 0.05353059964705166,