{
  "network": "gin",
  "node_feature": "all",
  "edge_feature": "all",
  "batch_size": 64,
  "patience": 50,
  "hid_dim": 256,
  "num_epochs": 1000,
  "num_layers": 1,
  "lr": 0.001,
  "device": "cuda:0",
  "node_dim": 400,
  "edge_dim": 75,
  "num_class_l1": 9,
  "num_class_l2": 22,
  "num_class_l3": 23,
  "verbose": true,
  "num_materials": 17,
  "material test results": {
    "f1": {
      "macro": {
        "mean": 0.7011216467739506,
        "std": 0.056107805775448036,
        "data": [
          0.7567392112229343,
          0.6745177851995631,
          0.6569938913999015,
          0.7388719937617343,
          0.6894553088349369,
          0.7704084587205808,
          0.7674287397349807,
          0.6759191746145344,
          0.6591560175145391,
          0.7491745711318728,
          0.7045671967432101,
          0.6229158091956613,
          0.7574061408829317,
          0.6642356563394956,
          0.6755047541909379,
          0.8079727042047298,
          0.7231304829202205,
          0.7259943939029726,
          0.8147694819405022,
          0.7515772254789469,
          0.6671045250920392,
          0.7097553184095006,
          0.6175615475135814,
          0.6082964829818939,
          0.7060184945780874,
          0.7097511461489646,
          0.7565101345307309,
          0.7015956545979917,
          0.6217452902496104,
          0.6993825088954665,
          0.641840488241121,
          0.6687412864564608,
          0.743860513225781,
          0.820283051293821,
          0.6563665112442176,
          0.7653112106323444,
          0.7106483848593794,
          0.663908692440929,
          0.7370150811079241,
          0.58300880897357,
          0.7505322679726583,
          0.7584541382482352,
          0.7169060407407339,
          0.6670897924128878,
          0.6865166838187334,
          0.6985486857841132,
          0.6485447430353111,
          0.7246434753476042,
          0.6426291014591953,
          0.586773280469468
        ]
      },
      "micro": {
        "mean": 0.8158832764521811,
        "std": 0.03887408255316124,
        "data": [
          0.8578082863446923,
          0.8019539995929168,
          0.8368191220409101,
          0.8234260614934115,
          0.8691189050470488,
          0.8752095808383233,
          0.8339110340843443,
          0.78839590443686,
          0.8694763729246487,
          0.8479978207572868,
          0.8057736135730564,
          0.7713414634146342,
          0.8539376262059681,
          0.7484764542936289,
          0.785276073619632,
          0.8433056872037915,
          0.818207204691427,
          0.8127167630057803,
          0.8365008384572387,
          0.8128853923027854,
          0.8361204013377926,
          0.7824570815450643,
          0.8104481188593338,
          0.8222867705307632,
          0.8085919928025191,
          0.8271417740712661,
          0.8157680845299377,
          0.8176532769556025,
          0.8202764976958525,
          0.8242554333243894,
          0.8223929236499068,
          0.8266993263931415,
          0.8608272506082725,
          0.9164637116415002,
          0.7800266311584554,
          0.8854100106496272,
          0.804410606458388,
          0.794470638662666,
          0.7821290678433537,
          0.7235570968540995,
          0.8671062642657875,
          0.8054599114608952,
          0.8120772946859903,
          0.7612652939421067,
          0.8175252768415984,
          0.8081180811808119,
          0.7591522157996146,
          0.8311998264265568,
          0.7379092261904763,
          0.7404255319148936
        ]
      },
      "weighted": {
        "mean": 0.8087705109496623,
        "std": 0.04009822798791016,
        "data": [
          0.852492712779272,
          0.7970489845273548,
          0.8314179068821848,
          0.8187087975318407,
          0.8657042713415324,
          0.8684240882256972,
          0.8293215082550505,
          0.7727606708439413,
          0.8629312103909483,
          0.8391774924533901,
          0.7991354728631602,
          0.7617334735421184,
          0.8507808937410212,
          0.7409529028390459,
          0.7725608399882747,
          0.8407340499980503,
          0.8082900962902501,
          0.8050601801821561,
          0.8326826920677554,
          0.803439523528674,
          0.8280559389836515,
          0.7757172608836751,
          0.8050621159225035,
          0.8216568790648285,
          0.803173458461071,
          0.8208092815270456,
          0.8081527226014406,
          0.8115909376870907,
          0.8158511785294185,
          0.8150766245781769,
          0.8160540013493718,
          0.8149897151105537,
          0.8529877497161634,
          0.9114561145381516,
          0.7724225410139117,
          0.8826983488190234,
          0.7958732508207325,
          0.7855047652752085,
          0.7775493168395836,
          0.7140330191210726,
          0.8601875391935464,
          0.797189177979398,
          0.8046982564897874,
          0.7485157168545171,
          0.8121958473413078,
          0.7928849380384403,
          0.7549826586703497,
          0.823138188003527,
          0.7302270489405772,
          0.7324331868572713
        ]
      }
    },
    "precision": {
      "macro": {
        "mean": 0.853227209664068,
        "std": 0.05431905652416702,
        "data": [
          0.8403410204400787,
          0.8647099201654441,
          0.8643653839958338,
          0.891622389338323,
          0.7759879483917504,
          0.8847100489665286,
          0.8714781151414311,
          0.8621978674673336,
          0.7393255619597351,
          0.8687043015787616,
          0.8735116176821796,
          0.8454555957157545,
          0.9231601653951746,
          0.8477791313491883,
          0.8822964393366456,
          0.8954183998296189,
          0.8842396824272813,
          0.9292545482893566,
          0.9058790886628437,
          0.8834023677990436,
          0.778227859250256,
          0.8926696499032665,
          0.7912588173387244,
          0.6878833081110959,
          0.8432210365879949,
          0.8607616743181923,
          0.9172784599859274,
          0.854697235565866,
          0.7506328311435658,
          0.8767204165109653,
          0.7705760539479611,
          0.8895723004789876,
          0.8408304400707615,
          0.9314736274000699,
          0.7956231186030903,
          0.8752433010562889,
          0.8963494781259381,
          0.8499496548781706,
          0.8838783918600748,
          0.8338992323251252,
          0.9276481545683296,
          0.8831456119114905,
          0.915010433105912,
          0.8447996695033069,
          0.7961635887740957,
          0.8809410880201638,
          0.8259589001994182,
          0.8473357231310914,
          0.8602886647219459,
          0.7254821678730077
        ]
      },
      "micro": {
        "mean": 0.8158832764521811,
        "std": 0.03887408255316125,