{
  "network": "sage",
  "node_feature": "all",
  "edge_feature": "all",
  "batch_size": 64,
  "patience": 50,
  "hid_dim": 256,
  "num_epochs": 1000,
  "num_layers": 1,
  "lr": 0.001,
  "device": "cuda:0",
  "node_dim": 400,
  "edge_dim": 75,
  "num_class_l1": 9,
  "num_class_l2": 22,
  "num_class_l3": 23,
  "verbose": true,
  "num_materials": 17,
  "material test results": {
    "f1": {
      "macro": {
        "mean": 0.7204207443882154,
        "std": 0.06427665145504124,
        "data": [
          0.7518311990248591,
          0.6095852010633689,
          0.6374435158601848,
          0.7812161557784267,
          0.6324705651955771,
          0.7199312608480823,
          0.6193494805255868,
          0.6740914990245418,
          0.7465881923859108,
          0.7324125313093647,
          0.6158931474088702,
          0.7080005536665949,
          0.6803246253906209,
          0.7589261924212054,
          0.7946447044648202,
          0.7628465135517093,
          0.7664147581452088,
          0.8016329691018167,
          0.7563984714729178,
          0.7140588510992802,
          0.7285409075048057,
          0.5965029634634624,
          0.7183603674865302,
          0.7886259375823967,
          0.7023848522813251,
          0.705103583915082,
          0.7678284981043488,
          0.7149462755590474,
          0.6036332048635225,
          0.7358994081899082,
          0.7486699052845202,
          0.7549679335603723,
          0.7369213969796689,
          0.8947101788110878,
          0.7750091178862923,
          0.6249576045717313,
          0.7225563722347573,
          0.7653251864153505,
          0.7767372592750876,
          0.7134210148840754,
          0.7155573639574864,
          0.7870868393693562,
          0.669561896366398,
          0.7385596808701861,
          0.582621002620932,
          0.7193060435193368,
          0.6987776841566689,
          0.6732532746769655,
          0.7652728159838379,
          0.8318782612972839
        ]
      },
      "micro": {
        "mean": 0.8308989187065501,
        "std": 0.04737977255013345,
        "data": [
          0.8067644276253548,
          0.7704918032786885,
          0.8008683639234261,
          0.8093081761006288,
          0.7755102040816326,
          0.8648393194706995,
          0.8565389696169089,
          0.7701388888888889,
          0.8727560718057022,
          0.8315071828585342,
          0.8023899737685806,
          0.8266039823008849,
          0.8581235697940504,
          0.8820199275362318,
          0.8595696489241224,
          0.8552867383512546,
          0.8742168674698795,
          0.887302396736359,
          0.816039775183744,
          0.8434948285247686,
          0.8696183953033269,
          0.7628191141173905,
          0.8491041433370661,
          0.9050546448087432,
          0.8452250274423709,
          0.8116335960858929,
          0.8423184004049608,
          0.8086253369272237,
          0.7178835978835978,
          0.8235294117647058,
          0.8343489054389528,
          0.8038857142857143,
          0.8438981042654028,
          0.9361124814997533,
          0.8597225280775159,
          0.7286289367748048,
          0.8730512249443207,
          0.8120181405895691,
          0.8635218685596519,
          0.8560503823661718,
          0.8143295232785057,
          0.8585983328187712,
          0.8347296268088348,
          0.7749813107400947,
          0.6904058048911583,
          0.8479212253829322,
          0.8457226419692908,
          0.7956453305351521,
          0.8706727629000653,
          0.9011183048852266
        ]
      },
      "weighted": {
        "mean": 0.8246442814842213,
        "std": 0.048500230484311534,
        "data": [
          0.7981270037278902,
          0.7629625747532977,
          0.7914835387439866,
          0.7992919093395585,
          0.7716397916475721,
          0.8585707381471148,
          0.8549386653453204,
          0.7641854336872796,
          0.8664134217488922,
          0.8231869078208393,
          0.7898469250820327,
          0.8292411578696641,
          0.8552369131782493,
          0.8766700434262861,
          0.8573499275870147,
          0.8554601458401179,
          0.8695726942847588,
          0.8830217311754782,
          0.8128553197310918,
          0.831452246489979,
          0.8657843194329158,
          0.7586319862928081,
          0.8426596103484922,
          0.9006799021657412,
          0.8341302915080081,
          0.7996806507864465,
          0.8344093355548946,
          0.7998640288699622,
          0.7165545092246776,
          0.8148383667421478,
          0.8311724377406117,
          0.7976837852190776,
          0.8349178721544397,
          0.9305734179009265,
          0.8616956054372906,
          0.7176670147007683,
          0.8695144415642792,
          0.802136659284431,
          0.8526080922911226,
          0.8468679050145491,
          0.807610022738825,
          0.8491364395827072,
          0.8324480119968809,
          0.7695778350589711,
          0.6795287743545041,
          0.8370385906000921,
          0.840651541230116,
          0.7855616793549011,
          0.8663141618768333,
          0.9007696955572184
        ]
      }
    },
    "precision": {
      "macro": {
        "mean": 0.8480158147453869,
        "std": 0.0617906667150047,
        "data": [
          0.9174605892181732,
          0.7438300434396907,
          0.8770156508025564,
          0.8416410261251126,
          0.7631871881643332,
          0.7966442068308962,
          0.7010987314679542,
          0.8046781973884121,
          0.8720992440166929,
          0.8794794251890512,
          0.768494942074959,
          0.7661404395630628,
          0.7689617439705297,
          0.8926442097798772,
          0.8446019455395728,
          0.8890428136107446,
          0.9074409178779377,
          0.858318120563712,
          0.8853539162427152,
          0.9276954099419403,
          0.8535097835056011,
          0.7419850548891709,
          0.8729053228536522,
          0.841003607822748,
          0.8565469855933328,
          0.8663871081594744,
          0.8833724054643578,
          0.8838388771507865,
          0.7209502881654029,
          0.9062313281784753,
          0.8504224390930412,
          0.8724578591685922,
          0.8705486150598549,
          0.9824664741757707,
          0.8891329201938535,
          0.8301052616442046,
          0.7873966219898545,
          0.9169048223891014,
          0.9123859237687758,
          0.8814638773152196,
          0.8011787101668697,
          0.9408049145559986,
          0.7670959860054662,
          0.8731690400653925,
          0.8338143422387997,
          0.9033843443969543,
          0.7550560048018213,
          0.834337696780072,
          0.8424511252301005,
          0.9236542346386779
        ]
      },
      "micro": {
        "mean": 0.8308989187065501,
        "std": 0.04737977255013346,