{
  "network": "sage",
  "node_feature": "all",
  "edge_feature": "all",
  "batch_size": 64,
  "patience": 50,
  "hid_dim": 128,
  "num_epochs": 1000,
  "num_layers": 3,
  "lr": 0.001,
  "device": "cuda:0",
  "node_dim": 400,
  "edge_dim": 75,
  "num_class_l1": 9,
  "num_class_l2": 22,
  "num_class_l3": 23,
  "verbose": true,
  "num_materials": 17,
  "material test results": {
    "f1": {
      "macro": {
        "mean": 0.6875352780714306,
        "std": 0.061710965403582896,
        "data": [
          0.6888055685762402,
          0.7377461343279597,
          0.6519193747533791,
          0.7461501640591586,
          0.6282180027300739,
          0.6734421167686876,
          0.6501951276182694,
          0.7190192560858255,
          0.6731048785088785,
          0.7695445710881476,
          0.6363391199801992,
          0.6357230762686564,
          0.5719872610066356,
          0.6588387123301737,
          0.6824738068702959,
          0.6909543974866902,
          0.6459125186058177,
          0.6593511126501692,
          0.7933482551485302,
          0.6961409853154128,
          0.7569771266476601,
          0.6520306728057815,
          0.7032821775911366,
          0.6991607926686828,
          0.629913069916443,
          0.6814981331015824,
          0.5592813122035523,
          0.6664338170573733,
          0.7340068272961771,
          0.7064949575029125,
          0.8012113175302691,
          0.6398838403166107,
          0.7683135714327526,
          0.6612378747484228,
          0.6961424614744476,
          0.6843730838743995,
          0.5448182169821223,
          0.7752342837723959,
          0.732039755547365,
          0.7465976797925807,
          0.7270164419427964,
          0.5925287141798966,
          0.6766315475052541,
          0.790500955177926,
          0.6952023212147066,
          0.7628181099781449,
          0.6674845840489085,
          0.6197582169460457,
          0.6000674820667581,
          0.7966101180692244
        ]
      },
      "micro": {
        "mean": 0.811454145376336,
        "std": 0.04565740443831177,
        "data": [
          0.8138653588943381,
          0.8847530422333572,
          0.7875555555555556,
          0.844092219020173,
          0.7966101694915254,
          0.7914154810706535,
          0.7594423320659061,
          0.8395123164966409,
          0.8077723802914643,
          0.8449389806173725,
          0.7267777065983343,
          0.7615052123061277,
          0.7717155266015201,
          0.8078531598513011,
          0.7815230961298378,
          0.7936718957724009,
          0.7683089214380826,
          0.8456680980045466,
          0.877562028047465,
          0.8386329223447979,
          0.8503871681415929,
          0.7909245122985581,
          0.76405104534347,
          0.8046345139412208,
          0.822003822003822,
          0.806266318537859,
          0.6835543766578249,
          0.8306809287764153,
          0.8697983697983698,
          0.8045127795527156,
          0.8884239888423989,
          0.8214953271028036,
          0.8617288725584993,
          0.8465087665333744,
          0.7701116518751788,
          0.8125643666323379,
          0.760731319554849,
          0.8435940099833612,
          0.8112505811250581,
          0.8318318318318318,
          0.8588007736943907,
          0.7030841610036592,
          0.8057916273213723,
          0.8777490297542044,
          0.7594718714121699,
          0.8568493150684932,
          0.8109121199500208,
          0.7910671462829736,
          0.7934118673647469,
          0.8973384030418251
        ]
      },
      "weighted": {
        "mean": 0.8041398188875788,
        "std": 0.04650208550961638,
        "data": [
          0.8032220294290197,
          0.8787335447410558,
          0.7803397020130046,
          0.838602187812252,
          0.78405863850175,
          0.7824530909017309,
          0.7512473427672521,
          0.829527098843173,
          0.8019582467953902,
          0.8407354265387951,
          0.7203574714593881,
          0.7505520433191444,
          0.7648472854851344,
          0.8064370532622549,
          0.7719617384172281,
          0.7749342027848909,
          0.7584374723117485,
          0.8369118666423019,
          0.8699760761916479,
          0.8374021904506078,
          0.8381539960052758,
          0.7831710210269034,
          0.7536145610080067,
          0.8017854338175875,
          0.8144136597939721,
          0.7976875300244658,
          0.6704651178729173,
          0.8212900078312859,
          0.8638831305965597,
          0.7994032036721003,
          0.882338223190692,
          0.8134133763328559,
          0.8562788698163746,
          0.8424830144630784,
          0.7596959242667254,
          0.7995587866968406,
          0.7542919313341453,
          0.8344596305061716,
          0.8049934242368242,
          0.8285076903094425,
          0.8540462478068968,
          0.7015897628896323,
          0.7976840387779928,
          0.8752696311811105,
          0.7566376504310691,
          0.8485284862698019,
          0.8073667655963864,
          0.7843564745246454,
          0.786847294289569,
          0.8920813511418343
        ]
      }
    },
    "precision": {
      "macro": {
        "mean": 0.8473021033795303,
        "std": 0.05589959339621733,
        "data": [
          0.8993486658837859,
          0.9208481180397642,
          0.9031134488962985,
          0.9046997458834486,
          0.8173022595515611,
          0.8284694468304934,
          0.8145631661119759,
          0.8033716170993844,
          0.8554853425688338,
          0.9128372451971035,
          0.882395477899653,
          0.9156234434266753,
          0.7740106263703602,
          0.8379701546467957,
          0.8288627641015922,
          0.9049134677160457,
          0.8099093226686886,
          0.8378436371233212,
          0.9246556507828394,
          0.8356418137631737,
          0.9273026466659138,
          0.8749426333334183,
          0.8082084011426238,
          0.8061408802966512,
          0.7858492718297254,
          0.8429066774689258,
          0.7815171396808582,
          0.7834402336875445,
          0.8679975984513648,
          0.8703081587944071,
          0.9108745368377805,
          0.8104936207131961,
          0.929125923670481,
          0.7962979561653297,
          0.8752660360696948,
          0.7920580906167327,
          0.6674974818315306,
          0.8877447758799243,
          0.8687530928943942,
          0.8567976286146893,
          0.8761338278880625,
          0.7311605564274837,
          0.8373771327766547,
          0.8845126050937513,
          0.8209019625876638,
          0.9261074282300429,
          0.8584743981630184,
          0.801810385084377,
          0.7704870881103306,
          0.9027515854081565
        ]
      },
      "micro": {
        "mean": 0.8114541453763359,
        "std": 0.04565740443831176,