{
  "network": "sage",
  "node_feature": "all",
  "edge_feature": "all",
  "batch_size": 64,
  "patience": 50,
  "hid_dim": 256,
  "num_epochs": 1000,
  "num_layers": 2,
  "lr": 0.001,
  "device": "cuda:0",
  "node_dim": 400,
  "edge_dim": 75,
  "num_class_l1": 9,
  "num_class_l2": 22,
  "num_class_l3": 23,
  "verbose": true,
  "num_materials": 17,
  "material test results": {
    "f1": {
      "macro": {
        "mean": 0.7315004608676002,
        "std": 0.07044516669830071,
        "data": [
          0.779259373407898,
          0.744997392237547,
          0.8457796017870735,
          0.80991125395626,
          0.859439342401813,
          0.8429365124453695,
          0.7552270839873875,
          0.8519052391959535,
          0.5884164666167709,
          0.5501033499179531,
          0.8235474691038962,
          0.7594246046358447,
          0.7114177392482642,
          0.7220741438840028,
          0.7232753690789436,
          0.7507944162342841,
          0.7184412733929275,
          0.6617358461818911,
          0.6908311994975105,
          0.8168990329317427,
          0.7183159868185188,
          0.7436657737777386,
          0.704452871905697,
          0.6847470049929367,
          0.8090852360112143,
          0.7896295459105288,
          0.7612613765095937,
          0.6260923797586274,
          0.8028421591669319,
          0.6939018519347223,
          0.7305098801927643,
          0.6146146496081056,
          0.7791805096184217,
          0.7778088370418418,
          0.7071284419852052,
          0.6913204687856118,
          0.6716428684214825,
          0.8291573607758859,
          0.743107090354873,
          0.7619233741985025,
          0.6816520581161939,
          0.7201330542823828,
          0.7345292841744326,
          0.7527975695838205,
          0.7607955308797502,
          0.5848704545917297,
          0.6545996606478797,
          0.6789775034672981,
          0.6762015550987056,
          0.6836619946252808
        ]
      },
      "micro": {
        "mean": 0.8278048914658009,
        "std": 0.05042961416609868,
        "data": [
          0.8502242152466367,
          0.8584804708400214,
          0.8692481770178526,
          0.8903851333153784,
          0.9020321504397938,
          0.8808580088598741,
          0.7943561466104444,
          0.8620576671035387,
          0.6954803655223512,
          0.7123315228324281,
          0.9021437578814628,
          0.8371381501529771,
          0.8579257154455043,
          0.8892649903288201,
          0.8063686072692184,
          0.8315649867374005,
          0.7846745399615491,
          0.7419191919191919,
          0.8417858690940615,
          0.9060982191041554,
          0.8016528925619834,
          0.7993079584775086,
          0.7738987816307406,
          0.828196872125115,
          0.8721869590305829,
          0.8976242958608867,
          0.8754316724222989,
          0.7682291666666666,
          0.8920792079207921,
          0.8087863463969659,
          0.8079438120610317,
          0.7426086956521738,
          0.8675460291288816,
          0.821584209177134,
          0.8092423428264374,
          0.8037307380373075,
          0.7597311677401288,
          0.8455978975032853,
          0.8668300653594772,
          0.8715043394406942,
          0.794639175257732,
          0.8350544236673177,
          0.8484107579462101,
          0.8490479467767836,
          0.8223857067787703,
          0.7393418100224383,
          0.8543307086614174,
          0.7955596669750232,
          0.8099902056807052,
          0.8134328358208955
        ]
      },
      "weighted": {
        "mean": 0.8205283857931472,
        "std": 0.052226117512769024,
        "data": [
          0.8422386603594801,
          0.8507629387517256,
          0.8618029047478049,
          0.882833837468437,
          0.8978944159735762,
          0.8761499696707392,
          0.7775224652011241,
          0.857206170025028,
          0.6844924105270579,
          0.7009473021450814,
          0.901369281751241,
          0.8310890738293881,
          0.8570235266699258,
          0.8882666780371259,
          0.7988846526008344,
          0.8210351635018202,
          0.7783531579621287,
          0.7306906600653426,
          0.8299981646798703,
          0.9027746049270935,
          0.7933903359542787,
          0.7905515004310592,
          0.7623291210162032,
          0.8178520451595455,
          0.8686233744919717,
          0.8885275015585016,
          0.8669379075330245,
          0.7567023992538423,
          0.888156024460135,
          0.8063668374341997,
          0.7985185198364732,
          0.7372931129185802,
          0.8582084252782348,
          0.8103257198285979,
          0.8098234659281388,
          0.7955526229203531,
          0.7484598415875157,
          0.8452796897175325,
          0.8590212898229236,
          0.8648637553057744,
          0.7897443447158906,
          0.823482361731186,
          0.8390938417872862,
          0.8454065424464474,
          0.8154950764167479,
          0.7267672468909826,
          0.8467919857722742,
          0.7940623116294772,
          0.8032531153219185,
          0.8042029336134481
        ]
      }
    },
    "precision": {
      "macro": {
        "mean": 0.8646874511083306,
        "std": 0.06435658895857668,
        "data": [
          0.916582546903805,
          0.8355469133966288,
          0.9439423897216075,
          0.9596018914697498,
          0.9652157124765938,
          0.9384678526214129,
          0.9265849393043606,
          0.8904357168962979,
          0.7336071841817607,
          0.7584000954731905,
          0.9015519142548228,
          0.9040461894762917,
          0.8254523590846445,
          0.7601934057598383,
          0.8207316418837992,
          0.9303037063264877,
          0.8249658625821302,
          0.8173458865710699,
          0.9049854431979768,
          0.9176880064222049,
          0.8987599901484755,
          0.934770771858673,
          0.9084314908999594,
          0.8120391182032635,
          0.8985465028139343,
          0.9069496801328604,
          0.9371136583311963,
          0.812788682589748,
          0.9458425210310617,
          0.800298059883395,
          0.8950894251532807,
          0.7507072263959021,
          0.9526628786926126,
          0.926862266410895,
          0.7907667241744182,
          0.843285080366686,
          0.779612997461826,
          0.9157130535124979,
          0.8720923581176954,
          0.8982986346088728,
          0.7914851613184657,
          0.9075419091275984,
          0.8479657842481181,
          0.8433849647875499,
          0.8906528955675921,
          0.809397824339577,
          0.8229122986358259,
          0.7404900622820565,
          0.8307310373768613,
          0.7935298389409539
        ]
      },
      "micro": {
        "mean": 0.8278048914658009,
        "std": 0.05042961416609868,