{
  "network": "sage",
  "node_feature": "all",
  "edge_feature": "all",
  "batch_size": 64,
  "patience": 50,
  "hid_dim": 128,
  "num_epochs": 1000,
  "num_layers": 2,
  "lr": 0.001,
  "device": "cuda:0",
  "node_dim": 400,
  "edge_dim": 75,
  "num_class_l1": 9,
  "num_class_l2": 22,
  "num_class_l3": 23,
  "verbose": true,
  "num_materials": 17,
  "material test results": {
    "f1": {
      "macro": {
        "mean": 0.6968756928269886,
        "std": 0.07101189588322007,
        "data": [
          0.7802393792687442,
          0.6643247154732533,
          0.6535475005444932,
          0.6537044144976514,
          0.7888771765756388,
          0.707013502748622,
          0.5546779122525975,
          0.6719549031580029,
          0.6789785840898098,
          0.6790637438241827,
          0.7384843649815597,
          0.6981705439368034,
          0.6738146597144462,
          0.6342478047607643,
          0.5995346362289903,
          0.7544886203509639,
          0.758837790230214,
          0.7556123467750008,
          0.7342091779842558,
          0.7695243351903608,
          0.6579530418149804,
          0.740826457845842,
          0.7829025892169422,
          0.6790615460615732,
          0.6588553044910683,
          0.5527105030518343,
          0.5972680899422859,
          0.7223230159924582,
          0.5880197790636655,
          0.7265734519062297,
          0.7896995959081965,
          0.7144399262044079,
          0.6265400682566473,
          0.5476845343486585,
          0.7121724138527881,
          0.7220224440399213,
          0.7796126301053221,
          0.6561165926220979,
          0.7363622119165376,
          0.7586491565633424,
          0.8090433661807057,
          0.6824003063692285,
          0.7010982650623805,
          0.7332681558951322,
          0.8125186328674224,
          0.6966158209490487,
          0.7271362531250507,
          0.5262433051290522,
          0.656328281588475,
          0.8000327883917913
        ]
      },
      "micro": {
        "mean": 0.8205607656731638,
        "std": 0.04653446586170818,
        "data": [
          0.8818022235225278,
          0.7872289156626506,
          0.8343283582089552,
          0.7629338572364113,
          0.8855234915335082,
          0.8475595094974753,
          0.744811458637825,
          0.823030303030303,
          0.7959445585215607,
          0.8376068376068376,
          0.76508369015181,
          0.7453551912568306,
          0.8278867102396514,
          0.8448834196891192,
          0.7782705099778271,
          0.8171196948020982,
          0.8347107438016529,
          0.8576370409792443,
          0.8084210526315789,
          0.8740290442418102,
          0.7809965237543453,
          0.8683249657690553,
          0.8520900321543409,
          0.8287385129490392,
          0.7759367830741779,
          0.7530637254901962,
          0.7734393266308159,
          0.8469864176570459,
          0.7727672035139093,
          0.7974967907573812,
          0.8699186991869918,
          0.7881097560975608,
          0.7783075089392133,
          0.7454844006568144,
          0.871435977190254,
          0.8574333483958427,
          0.8806509945750453,
          0.7437792559743779,
          0.8732394366197183,
          0.8471720818291215,
          0.8590049967412557,
          0.7924621869575997,
          0.8602941176470589,
          0.8590527985497394,
          0.871573494496007,
          0.8292931870375095,
          0.851131221719457,
          0.7521472392638037,
          0.7676579925650557,
          0.9258826962357747
        ]
      },
      "weighted": {
        "mean": 0.8132339600462929,
        "std": 0.04859175836420863,
        "data": [
          0.8773269677393913,
          0.7851983545672778,
          0.8336930891843567,
          0.7559260884883982,
          0.8843613198942353,
          0.8377647441079837,
          0.733183705260852,
          0.808980794553875,
          0.784530616833493,
          0.8325717527394207,
          0.7564101060034158,
          0.7374563660109594,
          0.8234476411582269,
          0.8447567341167708,
          0.7732857765138813,
          0.8108552808445825,
          0.828509878646567,
          0.8542072636865832,
          0.8016740914347973,
          0.8678612177268701,
          0.7684220754920736,
          0.8593067457165064,
          0.8464565794669151,
          0.817309429753379,
          0.7700276962723158,
          0.7373927164235576,
          0.7661660885077314,
          0.8417261579546007,
          0.7596210658255259,
          0.7865029595243344,
          0.8634273442218361,
          0.7766716432259795,
          0.7657637267579783,
          0.7381683251799437,
          0.8636525864414916,
          0.8516187197196257,
          0.8756006778783932,
          0.7376385733778787,
          0.8650336016818505,
          0.8407638568059015,
          0.8547475650872979,
          0.7801696846887939,
          0.8559646606107478,
          0.8524639195160658,
          0.8663535824666304,
          0.8237009249180585,
          0.8436834194281361,
          0.7378936961327557,
          0.7585220541859014,
          0.9249261355404934
        ]
      }
    },
    "precision": {
      "macro": {
        "mean": 0.842091772267336,
        "std": 0.06673675157939873,
        "data": [
          0.8681666676076276,
          0.8089514346081078,
          0.7845927042535104,
          0.8420332339433696,
          0.8990296911941223,
          0.8606904100933539,
          0.7225519955873212,
          0.8798929461644451,
          0.8702983530110378,
          0.8022797954723,
          0.8784836503489742,
          0.8370948385839216,
          0.836133032094948,
          0.6874677202666515,
          0.7597758655340227,
          0.9051942179685043,
          0.9367340990580333,
          0.8018787798068262,
          0.8255030111030606,
          0.9117730946156216,
          0.8379796053195431,
          0.8474212661552329,
          0.9502045922743996,
          0.8295480506400799,
          0.8344047949010842,
          0.7245614306547965,
          0.734487219457541,
          0.8658941078808041,
          0.7997116822993902,
          0.9049211815130287,
          0.9515469125133829,
          0.8350354613839676,
          0.8095213838176517,
          0.7243112978009785,
          0.8237565904521768,
          0.8975405702921775,
          0.8879106748064617,
          0.8023536973549686,
          0.9293062512735396,
          0.9184023872195832,
          0.9452710014001848,
          0.8179634649254013,
          0.8057610986425422,
          0.8666468140822573,
          0.9075349405373978,
          0.8054000705045743,
          0.9415263492077295,
          0.6896567427054486,
          0.8259904952884962,
          0.8714929367462252
        ]
      },
      "micro": {
        "mean": 0.8205607656731638,
        "std": 0.04653446586170818,