{
  "network": "gin",
  "node_feature": "all",
  "edge_feature": "all",
  "batch_size": 64,
  "patience": 50,
  "hid_dim": 256,
  "num_epochs": 1000,
  "num_layers": 3,
  "lr": 0.001,
  "device": "cuda:0",
  "node_dim": 400,
  "edge_dim": 75,
  "num_class_l1": 9,
  "num_class_l2": 22,
  "num_class_l3": 23,
  "verbose": true,
  "num_materials": 17,
  "material test results": {
    "f1": {
      "macro": {
        "mean": 0.6931967505075235,
        "std": 0.06550409554816033,
        "data": [
          0.616629848709417,
          0.5867317250746071,
          0.5853573580010727,
          0.7156025340131547,
          0.6381884672782137,
          0.5221778492811467,
          0.7199571365629048,
          0.6577840558604121,
          0.7572270794675987,
          0.697766106372003,
          0.6432214142925784,
          0.6506285397666054,
          0.6087248204859514,
          0.6590798872522317,
          0.7020933088368637,
          0.7097109423616104,
          0.6720120477533933,
          0.7782400896507135,
          0.741909783491714,
          0.6776603388050455,
          0.6755662799764762,
          0.6842800426444988,
          0.6249891496673993,
          0.673243329063792,
          0.6934624129143658,
          0.684474515880632,
          0.7341236086524283,
          0.7176036807587892,
          0.8170868581212163,
          0.6601448447062731,
          0.750364097129489,
          0.6732912168065521,
          0.682251356111092,
          0.7232146883575066,
          0.7290531827952296,
          0.7025972230493173,
          0.8023101958127992,
          0.7507943928617916,
          0.6524324237115405,
          0.8044201352639794,
          0.789866391784979,
          0.6913665681813901,
          0.632462336396129,
          0.7827030783496504,
          0.7661763309533433,
          0.8090711017545362,
          0.5681040435639018,
          0.7461897295030562,
          0.679049769815739,
          0.6184412074710459
        ]
      },
      "micro": {
        "mean": 0.8092220876171461,
        "std": 0.0437090928176885,
        "data": [
          0.7561267184698148,
          0.7581863979848866,
          0.7861331493618489,
          0.8122624778312642,
          0.8126083188908146,
          0.6977322149735943,
          0.8687200201969201,
          0.7856744704570792,
          0.8733398121153223,
          0.785983421250942,
          0.7522959853056941,
          0.8288641156974993,
          0.751345227980742,
          0.7876363636363637,
          0.7927658417187925,
          0.7680596047942987,
          0.7730383211678833,
          0.8240124278739459,
          0.8432712215320911,
          0.7780240658644711,
          0.8060736489717838,
          0.8363949483352469,
          0.7142550911039658,
          0.8507425119557009,
          0.8078134845620668,
          0.7886199151484902,
          0.8590238365493758,
          0.7762193845509734,
          0.8548254055540282,
          0.8212799167533819,
          0.8468578401464307,
          0.8063434760185662,
          0.8120195667365478,
          0.8738643566448342,
          0.8410157917200171,
          0.8159475696340798,
          0.8610415623435154,
          0.8688634835238735,
          0.8141575274177467,
          0.8512280701754386,
          0.8143263511766227,
          0.7969667318982387,
          0.7890410958904109,
          0.7964392964392965,
          0.8863912515188336,
          0.9035416066801036,
          0.7271182841367594,
          0.7907478427612655,
          0.8169787765293385,
          0.7968855788761002
        ]
      },
      "weighted": {
        "mean": 0.8025819856407048,
        "std": 0.04540806782595948,
        "data": [
          0.7404295495999511,
          0.7441056022670991,
          0.7778910939181992,
          0.8039262440021506,
          0.8052380585131004,
          0.6908799149160492,
          0.8628402116135637,
          0.78456661482347,
          0.8674042124983052,
          0.7747259461954052,
          0.7498426635969706,
          0.8273520494625705,
          0.7378375814136571,
          0.7838263616081923,
          0.782649268424901,
          0.7562058823520305,
          0.7635787871575855,
          0.8205681599284222,
          0.836369138833828,
          0.7669286429362255,
          0.798335151356201,
          0.8319360407570459,
          0.7051821206656493,
          0.8478841251149365,
          0.7954137109875876,
          0.7797567020248075,
          0.8568773355089528,
          0.7683841796541147,
          0.84584509836302,
          0.8155655297462291,
          0.8439272762054292,
          0.8047105578826973,
          0.8130352134592318,
          0.8718464668964271,
          0.8352215217651038,
          0.8084141969735069,
          0.8549549873719309,
          0.8651545929578252,
          0.8115871872212432,
          0.8438308126395389,
          0.8046420621563986,
          0.7882558229216334,
          0.7823125229145433,
          0.792445885952222,
          0.8763985807874173,
          0.9022922823501887,
          0.7187426548632893,
          0.7872925946955079,
          0.813996443862929,
          0.7876916399179609
        ]
      }
    },
    "precision": {
      "macro": {
        "mean": 0.8305802186465897,
        "std": 0.07361698069269518,
        "data": [
          0.8425917562296354,
          0.7676626815630953,
          0.6913291830241938,
          0.8734367099069482,
          0.802056316860445,
          0.6742295714199764,
          0.8827834158051563,
          0.7818452222141143,
          0.9118866651115956,
          0.9050405704990921,
          0.7943327560166844,
          0.6883729809314791,
          0.7738102466242782,
          0.8196757018788425,
          0.8842926743157835,
          0.8746033366624908,
          0.8732210744947835,
          0.8749718554169166,
          0.8854273601423494,
          0.8534910627963272,
          0.7533911368195901,
          0.7666952069688289,
          0.8118875720159683,
          0.717000246678674,
          0.8755909525069934,
          0.9324325901880373,
          0.8821032997599976,
          0.7887386816013557,
          0.9373081578537815,
          0.7449653084428459,
          0.8183035771173943,
          0.7494416179860578,
          0.8526795891198024,
          0.813865443349306,
          0.8558432557467348,
          0.834707224169675,
          0.9199029615791346,
          0.9249793903282667,
          0.7651636043624805,
          0.9193095829648287,
          0.921103573372878,
          0.8496581191093697,
          0.80558197238711,
          0.8783337348354896,
          0.9523852014115851,
          0.9149034982285772,
          0.6602267260770296,
          0.867898071705266,
          0.7562787886137208,
          0.8032707051145236
        ]
      },
      "micro": {
        "mean": 0.8092220876171461,
        "std": 0.04370909281768849,