{
  "network": "sage",
  "node_feature": "all",
  "edge_feature": "all",
  "batch_size": 64,
  "patience": 50,
  "hid_dim": 256,
  "num_epochs": 1000,
  "num_layers": 3,
  "lr": 0.001,
  "device": "cuda:0",
  "node_dim": 400,
  "edge_dim": 75,
  "num_class_l1": 9,
  "num_class_l2": 22,
  "num_class_l3": 23,
  "verbose": true,
  "num_materials": 17,
  "material test results": {
    "f1": {
      "macro": {
        "mean": 0.7166862279371519,
        "std": 0.0572389946541448,
        "data": [
          0.693264499754906,
          0.7855865299932048,
          0.7444941885663312,
          0.5672868272338047,
          0.6705349000474069,
          0.6465431131365142,
          0.7263094322196575,
          0.7170232881456537,
          0.6060478136519414,
          0.7523012180687408,
          0.7255047498213235,
          0.6265809213404009,
          0.5933949517975659,
          0.7520336369206985,
          0.7290229664677685,
          0.6897259789929243,
          0.7329985038009523,
          0.8102177934715367,
          0.754854859422741,
          0.6597583902540304,
          0.6453312171746106,
          0.7018959606658197,
          0.6682114291218315,
          0.7390692392279431,
          0.7581385955825792,
          0.723954116267763,
          0.680704527779215,
          0.7023550495525013,
          0.7269642389769487,
          0.7583078382542415,
          0.7173230026667716,
          0.8476180203312325,
          0.7435435345853377,
          0.7753200592609762,
          0.7112613176177579,
          0.6851198520390828,
          0.755143532856338,
          0.7637197491281555,
          0.7556482660946814,
          0.7229631198664395,
          0.6021859581975124,
          0.6774496525279693,
          0.7964927002311079,
          0.7615222035996849,
          0.7587140226164478,
          0.7720727336065902,
          0.7771649251081871,
          0.6662492367036562,
          0.7415902291644313,
          0.7147925049436816
        ]
      },
      "micro": {
        "mean": 0.8283532008280551,
        "std": 0.041380002134884,
        "data": [
          0.7658871377732588,
          0.9119453924914676,
          0.8852459016393442,
          0.7640268456375839,
          0.8240985048372911,
          0.8129755706848217,
          0.7738880918220947,
          0.8473174667204518,
          0.7080171560541075,
          0.7827012383900929,
          0.882178427632973,
          0.8011732662895454,
          0.7645919108743037,
          0.8471933471933472,
          0.81360445412733,
          0.7950225357632764,
          0.8217347956131605,
          0.8411533420707733,
          0.863598844407759,
          0.8381010346926354,
          0.7900078064012489,
          0.8492788949827341,
          0.8177463028535722,
          0.8907484890748489,
          0.8743109151047409,
          0.8301820728291317,
          0.8072383949645948,
          0.7784064120697785,
          0.8579782790309106,
          0.8677309007981756,
          0.8191848682729115,
          0.8508841382950647,
          0.8504167605316513,
          0.8744021626117695,
          0.8456581773550169,
          0.8495730788548468,
          0.8032661393212555,
          0.8257303946694003,
          0.8217854763491006,
          0.8295348837209301,
          0.7685721480735331,
          0.7929334428923582,
          0.9067865903515945,
          0.8551587301587301,
          0.8461333333333334,
          0.8399330730619075,
          0.8534657936328742,
          0.766118274788795,
          0.864321608040201,
          0.8457172342621259
        ]
      },
      "weighted": {
        "mean": 0.821457605993595,
        "std": 0.04227205166443225,
        "data": [
          0.751563506124284,
          0.9098394147265002,
          0.8787453337662923,
          0.7498535930165012,
          0.8149357584735392,
          0.8141057814236806,
          0.7640716355072211,
          0.8402883744691175,
          0.708572819018754,
          0.7765000279068961,
          0.87250875611146,
          0.7945414936669571,
          0.7555128459680697,
          0.83896345725202,
          0.8113684628250655,
          0.7915637379796959,
          0.8148196190220895,
          0.8319874250872783,
          0.8552025426649819,
          0.8314830660339568,
          0.7831343420402646,
          0.8449647415047336,
          0.8177182692737954,
          0.887998208590056,
          0.8695942551606001,
          0.8226438084525852,
          0.7945215501620386,
          0.770369737249938,
          0.8524000692817487,
          0.8641127844359773,
          0.8120694772010402,
          0.8481505532223551,
          0.8459372242148585,
          0.8700911427191792,
          0.8373035053613819,
          0.8373996574343358,
          0.7938999058999691,
          0.8209838403523556,
          0.8120146999138984,
          0.8202214506541284,
          0.7585240794861409,
          0.786279692459624,
          0.9028128722954017,
          0.850514737204523,
          0.8332126073310882,
          0.8290837566948875,
          0.8446243625686398,
          0.7566083868357886,
          0.8584388415890432,
          0.8408240890450087
        ]
      }
    },
    "precision": {
      "macro": {
        "mean": 0.8537722642157957,
        "std": 0.0667994846362689,
        "data": [
          0.8264779556525468,
          0.8982913128428343,
          0.8461534336270655,
          0.7939518197361456,
          0.8569521593861235,
          0.6957127978224326,
          0.906938306025952,
          0.8676073181229442,
          0.6959201730861307,
          0.8849047355867969,
          0.9174701177079682,
          0.7903770755453132,
          0.6765082131218371,
          0.8860370112453951,
          0.8025468271318712,
          0.8578192713984056,
          0.9218421806079238,
          0.9176268212044627,
          0.9451381135427248,
          0.7439952787074506,
          0.726276126931168,
          0.8548294240122857,
          0.7918648709016727,
          0.7930211522191972,
          0.9275045219288766,
          0.8548363942070925,
          0.8644923187655359,
          0.8777673687906259,
          0.7906871206385243,
          0.9524713808340274,
          0.8383202949473694,
          0.9462210265088691,
          0.8690123734354127,
          0.8575962388348214,
          0.8260371631867922,
          0.836338383565079,
          0.874777926872456,
          0.9248447691594667,
          0.8959884274802711,
          0.9125050967204914,
          0.8044845074661773,
          0.8118828567501293,
          0.887165925302882,
          0.9172572907670006,
          0.9239725162547445,
          0.9374066720795272,
          0.9207180001842808,
          0.8556442049425476,
          0.8364403765818743,
          0.8459775584182543
        ]
      },
      "micro": {
        "mean": 0.8283532008280551,
        "std": 0.041380002134884,