{
  "network": "gin",
  "node_feature": "all",
  "edge_feature": "all",
  "batch_size": 64,
  "patience": 50,
  "hid_dim": 64,
  "num_epochs": 1000,
  "num_layers": 2,
  "lr": 0.001,
  "device": "cuda:0",
  "node_dim": 400,
  "edge_dim": 75,
  "num_class_l1": 9,
  "num_class_l2": 22,
  "num_class_l3": 23,
  "verbose": true,
  "num_materials": 17,
  "material test results": {
    "f1": {
      "macro": {
        "mean": 0.6794833319470882,
        "std": 0.06071061205259101,
        "data": [
          0.7522404150419488,
          0.6820937027337901,
          0.6999403361557153,
          0.6267006200719452,
          0.7112616874449558,
          0.5714018092137376,
          0.6209130933050382,
          0.6739706859688679,
          0.7232203464259733,
          0.6187426977755676,
          0.6900427350722512,
          0.7506149153729865,
          0.7455258255157166,
          0.6616107140363207,
          0.5677453498428329,
          0.7575329308837004,
          0.6279797165368396,
          0.6790022953541838,
          0.660468526127148,
          0.7128960437552712,
          0.6277664794558214,
          0.6016932188521728,
          0.7377393191524039,
          0.7979007223405414,
          0.7328057631162979,
          0.6667883584534732,
          0.8587472729841182,
          0.6250260892383581,
          0.7480113301153901,
          0.5600758095813616,
          0.6860028518655631,
          0.637771039952712,
          0.6343317869586093,
          0.7409554111597496,
          0.6695054354807517,
          0.7256549928008129,
          0.6492341664034327,
          0.6389135646931027,
          0.7258251530422516,
          0.605288560625642,
          0.6939526328239609,
          0.7564409313685547,
          0.6067619547407652,
          0.6628734769380901,
          0.6572607128666844,
          0.7354613925257849,
          0.6571152034011031,
          0.631821712511742,
          0.6779032818049231,
          0.6906335254654464
        ]
      },
      "micro": {
        "mean": 0.7941500474429752,
        "std": 0.03771322139210355,
        "data": [
          0.8402328589909444,
          0.7975999999999999,
          0.7704151773439648,
          0.7648552564753682,
          0.7864173228346457,
          0.8208634498925572,
          0.8159347252219823,
          0.782250955039671,
          0.7941609421000981,
          0.7461673787383765,
          0.8003231763619575,
          0.8636552872606161,
          0.8148802017654476,
          0.7890645939426427,
          0.6723937775713954,
          0.8594648166501486,
          0.7808774439675727,
          0.7706266634406002,
          0.7447711427705366,
          0.8104296490652673,
          0.7949916527545909,
          0.8118137900746596,
          0.8236184708554126,
          0.8190693133745526,
          0.8166666666666667,
          0.7701518067137053,
          0.8799313893653516,
          0.76073939078365,
          0.839854667411962,
          0.7113967113967112,
          0.781592039800995,
          0.792643791656381,
          0.763049853372434,
          0.8161423414130995,
          0.7693358841213447,
          0.7903078329777506,
          0.7909419100754841,
          0.7891373801916932,
          0.7878926851639533,
          0.7631463628396142,
          0.8201047542304594,
          0.8478839893459603,
          0.731967213114754,
          0.8160332766118359,
          0.7544204322200393,
          0.8439383791024784,
          0.79813538710985,
          0.7840021545919742,
          0.8116266070430408,
          0.801581418334569
        ]
      },
      "weighted": {
        "mean": 0.7859663271807943,
        "std": 0.039241456321029336,
        "data": [
          0.8337177730078623,
          0.793811678871504,
          0.7643335210643679,
          0.7583812540473113,
          0.7813226740850845,
          0.8179685885538469,
          0.8069967655670736,
          0.7720564281732338,
          0.7860653989076728,
          0.7315318931815761,
          0.7909478072525723,
          0.857602344218461,
          0.8075729526276075,
          0.7765767398094822,
          0.6685421082026096,
          0.8537239040023835,
          0.7722151032479205,
          0.7586312822771084,
          0.7335636180249813,
          0.7944998168325831,
          0.7863988414418106,
          0.7981762279566176,
          0.8177412242096939,
          0.8167354847344533,
          0.8112855835329668,
          0.7618200091118531,
          0.8764716187326961,
          0.7526526677461337,
          0.8347980511701378,
          0.6966917066849215,
          0.7835921035183361,
          0.7796510507323456,
          0.747866727477387,
          0.8105259690365825,
          0.7630171760308558,
          0.7814002975528426,
          0.7787656092627151,
          0.7855954870204085,
          0.7804043322240296,
          0.7548022371961943,
          0.8136552016902209,
          0.8435381770705197,
          0.7202509326711137,
          0.8068390714924737,
          0.7422988696177706,
          0.8396870682265544,
          0.7865447754200967,
          0.7696175678225389,
          0.8022568302357903,
          0.7951738074644075
        ]
      }
    },
    "precision": {
      "macro": {
        "mean": 0.8413025296956113,
        "std": 0.05593576609302755,
        "data": [
          0.8866042397246159,
          0.7812466541472363,
          0.8520815583486624,
          0.7483231161077127,
          0.89125707457573,
          0.7341667460360903,
          0.7469861976938525,
          0.9135085313327506,
          0.9083374592492727,
          0.8208421914354128,
          0.811530334644651,
          0.9134235731072224,
          0.9206680900521568,
          0.9264042799978154,
          0.7866559004593499,
          0.866200068387505,
          0.8078765694858732,
          0.8350872138460878,
          0.8714881724073886,
          0.9046398949880434,
          0.7970267410013954,
          0.7628361826261432,
          0.8312759539631676,
          0.8882469250817093,
          0.8365143015627309,
          0.881504607933574,
          0.9586842578125062,
          0.815146387758072,
          0.8777610440042383,
          0.7242238827526795,
          0.7833238808793801,
          0.7957926115718147,
          0.8285932368135235,
          0.8278516989722978,
          0.8003254895213671,
          0.8996331026959014,
          0.8013515248424956,
          0.7771596192939446,
          0.8514919973769955,
          0.8022147768936617,
          0.8664888522706174,
          0.9207443618875562,
          0.800602071286816,
          0.8377814251697511,
          0.8137955219581066,
          0.9024023624522828,
          0.907272697953145,
          0.8119895606506748,
          0.8784664114460736,
          0.857297130320512
        ]
      },
      "micro": {
        "mean": 0.7941500474429752,
        "std": 0.037713221392103535,