{
  "network": "sage",
  "node_feature": "all",
  "edge_feature": "all",
  "batch_size": 64,
  "patience": 50,
  "hid_dim": 64,
  "num_epochs": 1000,
  "num_layers": 3,
  "lr": 0.001,
  "device": "cuda:0",
  "node_dim": 400,
  "edge_dim": 75,
  "num_class_l1": 9,
  "num_class_l2": 22,
  "num_class_l3": 23,
  "verbose": true,
  "num_materials": 17,
  "material test results": {
    "f1": {
      "macro": {
        "mean": 0.6329975694180568,
        "std": 0.057419808556682835,
        "data": [
          0.5809859988463866,
          0.6383740422770419,
          0.5236022191921723,
          0.6534609674126284,
          0.6862891912718685,
          0.6000865416564433,
          0.7151150592716151,
          0.6830120447245688,
          0.7379696568910051,
          0.6990760798449033,
          0.5891758041033895,
          0.689366796959079,
          0.658959139015884,
          0.6069983280518115,
          0.6655296015270054,
          0.6432549784135182,
          0.6616807963636163,
          0.6459466991611345,
          0.650860103408114,
          0.6154193875327947,
          0.6730247774375407,
          0.6251516124967373,
          0.7063295353238183,
          0.6773460241192752,
          0.7700619537046599,
          0.6440687014425169,
          0.7293624114225169,
          0.5726872607681593,
          0.6332804928960034,
          0.5898115794822718,
          0.6548051124556549,
          0.5990888292809042,
          0.5205252898446048,
          0.6713338819160436,
          0.6672873981641197,
          0.6354041672769881,
          0.6041919071706349,
          0.5402156776221463,
          0.5585035464903201,
          0.5081702000468642,
          0.593597614572547,
          0.681913429419489,
          0.5895372131156511,
          0.6709290730663485,
          0.5464422442986095,
          0.5866215815871739,
          0.6329778150127303,
          0.6137434609684865,
          0.566761041603173,
          0.641541201971875
        ]
      },
      "micro": {
        "mean": 0.7600915659582452,
        "std": 0.035059400116060985,
        "data": [
          0.7569176882661997,
          0.7167823181701362,
          0.7058687615526802,
          0.7807113244599606,
          0.7899606299212598,
          0.7145024929546933,
          0.7716238510487864,
          0.8015805814281682,
          0.8143939393939394,
          0.8091517857142858,
          0.7492521076964918,
          0.7789189189189188,
          0.7765683185333715,
          0.7586357673808483,
          0.8270893371757926,
          0.7519025875190257,
          0.7943656179313181,
          0.7989000478240077,
          0.7309695016117035,
          0.7570162481536189,
          0.7891939769707705,
          0.7167381974248928,
          0.7665929203539823,
          0.798481493198355,
          0.8220299345182414,
          0.7327327327327328,
          0.8119191919191919,
          0.7883683360258481,
          0.7759815242494227,
          0.761916900331379,
          0.7971845672575599,
          0.7205151378219611,
          0.6917570999769106,
          0.7282169648009231,
          0.7598713073998246,
          0.7449832775919732,
          0.7309296051017905,
          0.755165581658647,
          0.7034363268842044,
          0.700180925303696,
          0.7214543269230769,
          0.7726392251815981,
          0.749935149156939,
          0.8011541235874008,
          0.6955815464587395,
          0.7602325581395348,
          0.7671049101153743,
          0.7455830388692579,
          0.7640422467594816,
          0.7455433455433454
        ]
      },
      "weighted": {
        "mean": 0.7508595257342627,
        "std": 0.03674729733264469,
        "data": [
          0.7397322124524601,
          0.7105912180036293,
          0.6973951372912753,
          0.7746476355230145,
          0.7788448548022064,
          0.7091258330327115,
          0.7613805031067187,
          0.7952731860214447,
          0.8088777960000767,
          0.8022406326583619,
          0.7397831468529896,
          0.7716357934046627,
          0.7640184218144994,
          0.749614271396296,
          0.821395807215331,
          0.7470414476989069,
          0.7855062454574749,
          0.7909156831578155,
          0.7236377960662704,
          0.7403398405476258,
          0.7847286042321784,
          0.7091329441924568,
          0.7628956086633224,
          0.7924048939555213,
          0.8132478381542373,
          0.7161579435328309,
          0.8059288879279944,
          0.7829820411426963,
          0.7665413924434468,
          0.7505386849254599,
          0.790264794662524,
          0.7032049119103675,
          0.6805161283552503,
          0.713246233087313,
          0.7522932502419369,
          0.7355113747424569,
          0.718438125888396,
          0.7524633060319017,
          0.6872088122276803,
          0.6907637832098402,
          0.7145633347599548,
          0.7669704998897601,
          0.7356291868028063,
          0.791315635962764,
          0.6799968721462417,
          0.7566215469613526,
          0.7554789569704105,
          0.7340889460697967,
          0.7526516449334656,
          0.7351926401849985
        ]
      }
    },
    "precision": {
      "macro": {
        "mean": 0.8307868431541469,
        "std": 0.0624603333500095,
        "data": [
          0.7740314354096992,
          0.783050403342107,
          0.7362974279925728,
          0.8345793693031183,
          0.9152381908942213,
          0.8015169973519324,
          0.919621940070896,
          0.908863929911629,
          0.8943374267781761,
          0.9183940639424282,
          0.8474482214068197,
          0.8672243129067718,
          0.854977291902846,
          0.8155043818343211,
          0.8776139483675331,
          0.8530082542212657,
          0.9203964140888732,
          0.8418585221925671,
          0.8501703329485314,
          0.8916563313860347,
          0.8357647820204377,
          0.7547657243581521,
          0.8567326508202123,
          0.8242236144291826,
          0.9319289732273741,
          0.8625378047317864,
          0.8620414899971645,
          0.7094216043741037,
          0.8203693538394748,
          0.7769717061301334,
          0.7679600493422767,
          0.8986601996795273,
          0.8158377210080431,
          0.8696313270043613,
          0.8431548306006807,
          0.8891300034394938,
          0.7686270904747585,
          0.7125027180820611,
          0.773403340049469,
          0.6252768243904467,
          0.7505062187537377,
          0.8289257566628453,
          0.8373975380344874,
          0.8009607927745839,
          0.8083647178552238,
          0.7666650923895035,
          0.8587012363480928,
          0.8730581519905574,
          0.8461480893368433,
          0.8638835593099932
        ]
      },
      "micro": {
        "mean": 0.7600915659582452,
        "std": 0.035059400116060964,