{
  "network": "gin",
  "node_feature": "all",
  "edge_feature": "all",
  "batch_size": 64,
  "patience": 50,
  "hid_dim": 64,
  "num_epochs": 1000,
  "num_layers": 3,
  "lr": 0.001,
  "device": "cuda:0",
  "node_dim": 400,
  "edge_dim": 75,
  "num_class_l1": 9,
  "num_class_l2": 22,
  "num_class_l3": 23,
  "verbose": true,
  "num_materials": 17,
  "material test results": {
    "f1": {
      "macro": {
        "mean": 0.6820835969090576,
        "std": 0.05653580880059184,
        "data": [
          0.7630162183415289,
          0.7036151851281065,
          0.7184071722600899,
          0.7308004401989959,
          0.6327314134196151,
          0.6621063825486107,
          0.5943012505950249,
          0.6717806062693492,
          0.7385052177097805,
          0.6780758578737225,
          0.6534081913938168,
          0.663156454811899,
          0.6459919462260522,
          0.6739405004924772,
          0.5777647177602117,
          0.7560583243806315,
          0.6547692445067246,
          0.814698277246458,
          0.7460799329613921,
          0.7186111513764947,
          0.6759799753648481,
          0.7335524016411165,
          0.6777828357977591,
          0.6727696982847429,
          0.6578138016906881,
          0.5966748786209758,
          0.6455582942331848,
          0.8005107743450639,
          0.7887541956249059,
          0.6254606725656312,
          0.7021002976638551,
          0.5687429430065122,
          0.6130893374223874,
          0.6837018864199653,
          0.6386341757120478,
          0.6184102083260544,
          0.6891872027073378,
          0.673667751128662,
          0.6914857002932506,
          0.7655150859723068,
          0.6030113056754309,
          0.6953797488664566,
          0.6870763679442481,
          0.7294113424603499,
          0.6227804354099999,
          0.6925333382792058,
          0.7068211504093459,
          0.6282867631462354,
          0.6697550872775333,
          0.7519137036618019
        ]
      },
      "micro": {
        "mean": 0.7950803169658808,
        "std": 0.039716970877354166,
        "data": [
          0.8478382930937676,
          0.8273464658169177,
          0.8325347935204197,
          0.7957147050190784,
          0.7809442790301999,
          0.8037331869338459,
          0.7561759389435629,
          0.8198107509563116,
          0.7847256549678695,
          0.8187282505536223,
          0.7755387071029529,
          0.7863612147043155,
          0.8002958579881657,
          0.8166219839142091,
          0.7442613301942319,
          0.8110470522596244,
          0.796065077563375,
          0.8688284518828452,
          0.7928802588996764,
          0.7814845704753962,
          0.8151041666666666,
          0.8598761958356781,
          0.7885787616297723,
          0.7446747265400115,
          0.7905759162303664,
          0.7388387693731204,
          0.7572296476306197,
          0.8649328859060402,
          0.87278356318604,
          0.7607723098657875,
          0.8038788838313873,
          0.7189526184538654,
          0.8044084821428571,
          0.8152880034647033,
          0.7454502481682818,
          0.7362091503267973,
          0.7623145400593472,
          0.7651414969584766,
          0.7668415529905561,
          0.8394986242739223,
          0.7198045147777518,
          0.8115971515768057,
          0.800747974236443,
          0.8708218639402281,
          0.7466896948762234,
          0.7886153846153847,
          0.8113395225464191,
          0.7473707764600582,
          0.8121447801376009,
          0.8525968177724407
        ]
      },
      "weighted": {
        "mean": 0.787434717028935,
        "std": 0.04074852268874331,
        "data": [
          0.8432125303766475,
          0.8219236964979615,
          0.8256410413748969,
          0.7907386996108927,
          0.7710584058791867,
          0.7928206118905019,
          0.7516641588139779,
          0.8133931835992689,
          0.7759877943230242,
          0.8065769054866847,
          0.7646237327546439,
          0.7825136579310791,
          0.7955234448076621,
          0.8021659678081677,
          0.7394625156831963,
          0.8070866621510359,
          0.7844690298848546,
          0.8663488326149791,
          0.782444968789548,
          0.7789545321464318,
          0.811629296497865,
          0.8548404286878029,
          0.7802561628227377,
          0.7337913532785797,
          0.7797200437514001,
          0.7303939381945334,
          0.7484332025827436,
          0.861172101035227,
          0.8642590152507028,
          0.753807713006627,
          0.7966339105950564,
          0.7117481351264882,
          0.7911984163373251,
          0.8104477858138269,
          0.7362858065238694,
          0.7242603206491818,
          0.7554539109833552,
          0.7502228967412189,
          0.7606172096667293,
          0.8305691539366412,
          0.7129288538803814,
          0.7988695926843297,
          0.7918484621354098,
          0.8666271119578298,
          0.7405041575331505,
          0.7814968719622803,
          0.8084733437630145,
          0.7355186189514992,
          0.804974240061858,
          0.8481434246104439
        ]
      }
    },
    "precision": {
      "macro": {
        "mean": 0.8390667127470988,
        "std": 0.055010227838849186,
        "data": [
          0.9176863224844655,
          0.8444582278848476,
          0.8526177113525808,
          0.927106734101315,
          0.8929394064652143,
          0.8328887970236515,
          0.7661617179513402,
          0.8268845857271026,
          0.9027742716631831,
          0.8563857066461346,
          0.8370239833155342,
          0.8021599946024534,
          0.7661689534345147,
          0.8831406962518072,
          0.6938507049825244,
          0.9334284445772578,
          0.805569212535671,
          0.9261563302622268,
          0.8952022929829215,
          0.8345252135234065,
          0.7874864524874888,
          0.8814852373232654,
          0.8468799740385504,
          0.8433518972318348,
          0.801674261553753,
          0.7669092244382506,
          0.7870731643892037,
          0.9552130002987042,
          0.9266004194536698,
          0.748702251486454,
          0.8360702040916207,
          0.7706853614523199,
          0.7503359084350395,
          0.7904146388062299,
          0.8303413862295776,
          0.8514925861004459,
          0.8111246580441683,
          0.8636757885491539,
          0.8820231311155697,
          0.9148773530730137,
          0.8213066932375362,
          0.8762864758427064,
          0.8659503372038653,
          0.8337405711237662,
          0.7860850085267782,
          0.8217557880260838,
          0.810977763743437,
          0.8242088556650715,
          0.8348047603628332,
          0.8346731772563946
        ]
      },
      "micro": {
        "mean": 0.7950803169658808,
        "std": 0.03971697087735416,