{
  "network": "sage",
  "node_feature": "all",
  "edge_feature": "all",
  "batch_size": 64,
  "patience": 50,
  "hid_dim": 64,
  "num_epochs": 1000,
  "num_layers": 1,
  "lr": 0.001,
  "device": "cuda:0",
  "node_dim": 400,
  "edge_dim": 75,
  "num_class_l1": 9,
  "num_class_l2": 22,
  "num_class_l3": 23,
  "verbose": true,
  "num_materials": 17,
  "material test results": {
    "f1": {
      "macro": {
        "mean": 0.6468785431585615,
        "std": 0.07269925893267642,
        "data": [
          0.4813066161934335,
          0.6200765924858413,
          0.7321365772657317,
          0.6802462838742815,
          0.7494691875087832,
          0.5570533109491045,
          0.6626742253216057,
          0.7347693941351412,
          0.732243971201893,
          0.6966347958698803,
          0.6510451834181343,
          0.7335367733691064,
          0.5097932251738669,
          0.696073371392911,
          0.6166735904018064,
          0.6648287311283793,
          0.6666969308570275,
          0.6510357485606559,
          0.6479696053695079,
          0.5483295438717566,
          0.6601193140006932,
          0.6728974622268028,
          0.6312755518379704,
          0.7392717388002418,
          0.6246154006151922,
          0.6153775428406111,
          0.6951400767111829,
          0.5822894777426302,
          0.5599937022827157,
          0.617762047134001,
          0.6877882294557707,
          0.5451170288090339,
          0.5783167354255215,
          0.6512741794872798,
          0.6419357553411924,
          0.6537096574366573,
          0.6357075791445748,
          0.6877401306928044,
          0.7456348116747942,
          0.6619243992497128,
          0.4958913682916417,
          0.612704919290635,
          0.5761201372351521,
          0.8198891553817934,
          0.7212241928901223,
          0.643882011018342,
          0.49318427345239135,
          0.7373250173410754,
          0.6578959305219547,
          0.6653256732467364
        ]
      },
      "micro": {
        "mean": 0.7730872051899229,
        "std": 0.05196954495133858,
        "data": [
          0.6966712625566279,
          0.7926525529265255,
          0.8200636942675158,
          0.8230331153765028,
          0.8486456297123709,
          0.6740941274468971,
          0.7591859807801018,
          0.8303312027890761,
          0.8292632018367773,
          0.7684800664451827,
          0.7776119402985073,
          0.8238856589147286,
          0.6906701708278581,
          0.7885186407126361,
          0.7882978723404257,
          0.7949688334817454,
          0.8090371167294244,
          0.7974189675870348,
          0.7684850788823417,
          0.6845505617977528,
          0.8068262621474283,
          0.7441475526129109,
          0.8105749486652978,
          0.8345462328767125,
          0.7457516339869282,
          0.7048110899701006,
          0.8536377213569447,
          0.7065743944636678,
          0.7554103715802368,
          0.7606635071090048,
          0.8202306079664569,
          0.7012718130730553,
          0.723267060720043,
          0.7563352826510721,
          0.7582474226804123,
          0.7853893497457853,
          0.7778549918925179,
          0.7976386600768809,
          0.8234468937875752,
          0.793425717048018,
          0.7251197445449706,
          0.7027713625866051,
          0.7123490263741682,
          0.8839712918660287,
          0.811706239646604,
          0.7438617762958473,
          0.6597315436241611,
          0.827488343807014,
          0.7465197215777262,
          0.8149240190519392
        ]
      },
      "weighted": {
        "mean": 0.7650782635068917,
        "std": 0.05392971675856899,
        "data": [
          0.6835937429861357,
          0.7902217928389377,
          0.8107460312534823,
          0.818271105195386,
          0.8409460276310395,
          0.6590374234489411,
          0.7434714835597646,
          0.8264613996174457,
          0.8251353757213188,
          0.7608622550441235,
          0.7708987477323513,
          0.8187460417407366,
          0.681540739850565,
          0.779480108980132,
          0.7814992216571415,
          0.7872164737764427,
          0.8089342639940365,
          0.79267361037899,
          0.7632663467426689,
          0.6723874375079582,
          0.8023161929042575,
          0.731465686744479,
          0.8033877890267386,
          0.829373772362801,
          0.7410977559748352,
          0.6993437463079819,
          0.8506565334325928,
          0.6908316058269406,
          0.7433285747532716,
          0.7502192160314202,
          0.8086706144919726,
          0.6886507176670535,
          0.7180099055591096,
          0.7468057525241812,
          0.7425920662416462,
          0.776725796826292,
          0.7666766043277534,
          0.7879654984952829,
          0.8165352860404126,
          0.7824181243661756,
          0.7165524244149832,
          0.6968353738599986,
          0.7065484993879318,
          0.880799481711832,
          0.80637428564093,
          0.7337389870395528,
          0.6534309868092886,
          0.822424001258749,
          0.7342518439294651,
          0.8104964217290578
        ]
      }
    },
    "precision": {
      "macro": {
        "mean": 0.8239425527077101,
        "std": 0.07652359560693915,
        "data": [
          0.5991054419322127,
          0.7867214588014814,
          0.8852174818821076,
          0.8222425285818437,
          0.8798814801882081,
          0.8145011499181498,
          0.9029915794300113,
          0.9118631023965231,
          0.9204038504698799,
          0.9050993166956097,
          0.8015140207018396,
          0.9122748113013313,
          0.7317872192578104,
          0.9055250372922901,
          0.8288213058669912,
          0.9065304430753711,
          0.859926576258246,
          0.7939959511841296,
          0.8114857283501509,
          0.772043209652155,
          0.7219946859566627,
          0.8724626063059475,
          0.8003839518519416,
          0.8684924371550271,
          0.8218244261944653,
          0.8071185022257075,
          0.8031533813177074,
          0.7742770834725828,
          0.7167576406153687,
          0.913189671738665,
          0.8045336561187614,
          0.7664937264800459,
          0.7807894659138769,
          0.7975162728183282,
          0.8486617598171863,
          0.7837837731757784,
          0.8147502242974861,
          0.8924736441669954,
          0.9143552754586834,
          0.8437834919834748,
          0.5894112299705528,
          0.7262434810432143,
          0.7175141152308653,
          0.9069144227749873,
          0.9159688076732808,
          0.8940290738951366,
          0.7555379135910081,
          0.8960915447453441,
          0.8776320700915035,
          0.8190576060685862
        ]
      },
      "micro": {
        "mean": 0.7730872051899229,
        "std": 0.051969544951338584,