{
  "network": "gin",
  "node_feature": "all",
  "edge_feature": "all",
  "batch_size": 64,
  "patience": 50,
  "hid_dim": 64,
  "num_epochs": 1000,
  "num_layers": 1,
  "lr": 0.001,
  "device": "cuda:0",
  "node_dim": 400,
  "edge_dim": 75,
  "num_class_l1": 9,
  "num_class_l2": 22,
  "num_class_l3": 23,
  "verbose": true,
  "num_materials": 17,
  "material test results": {
    "f1": {
      "macro": {
        "mean": 0.6560901488550305,
        "std": 0.06751575252335155,
        "data": [
          0.641411757112469,
          0.6349632873799266,
          0.7222392367865852,
          0.7712224218384577,
          0.5950089287680582,
          0.6371912372787958,
          0.5845549837577578,
          0.6448407485348941,
          0.5588518711812891,
          0.7569658001849294,
          0.6259485079896766,
          0.5425788180708557,
          0.6957262821853843,
          0.6975620620381823,
          0.5757555168354815,
          0.6533368228800773,
          0.6902741322562583,
          0.5940223590904365,
          0.7213955596896955,
          0.6600150736188042,
          0.6024794226887172,
          0.5777148484779449,
          0.7204230550669893,
          0.6003031549988884,
          0.6707030417781973,
          0.6271786496066994,
          0.7687738455348528,
          0.5729027952189487,
          0.7519281676814673,
          0.5453744985477379,
          0.6955833612621567,
          0.6963857129733493,
          0.5832801858829788,
          0.6982639641303824,
          0.7113645034825293,
          0.582555764443944,
          0.7279613608428408,
          0.7016398627037939,
          0.6439560844430419,
          0.7402292779822566,
          0.6816412781288619,
          0.5640272261976992,
          0.5305588879533025,
          0.6639546329596697,
          0.5828984314379136,
          0.6436607520509193,
          0.7695387630052983,
          0.6861776172233204,
          0.7541367586871123,
          0.7050461298816963
        ]
      },
      "micro": {
        "mean": 0.7820852918216393,
        "std": 0.050287806838516316,
        "data": [
          0.8141053548106225,
          0.7909652076318744,
          0.8300029824038174,
          0.8565526738581593,
          0.733219080262782,
          0.7810546875,
          0.7578653922739944,
          0.7754677754677755,
          0.7106318956870612,
          0.8183627060830018,
          0.7151471297636277,
          0.7421458209839953,
          0.7774415405777167,
          0.7809548123563952,
          0.7052135330005547,
          0.8350656455142232,
          0.8422712933753943,
          0.7476285571642536,
          0.8718869731800766,
          0.8052227342549924,
          0.8092008257151283,
          0.7666121112929624,
          0.7670865719646207,
          0.7256597915280552,
          0.7283813747228383,
          0.7294194817973106,
          0.8562324751465715,
          0.7875417130144605,
          0.842798353909465,
          0.6893956165596635,
          0.7735677478023645,
          0.783681592039801,
          0.7990074441687344,
          0.8266901563532262,
          0.7561480714470619,
          0.7466606293864614,
          0.8333333333333334,
          0.8311288834204861,
          0.8000000000000002,
          0.851797963001455,
          0.8205128205128205,
          0.706784943658595,
          0.6398094860091288,
          0.7953041622198506,
          0.7140906608410704,
          0.795404546565632,
          0.8423275457531675,
          0.7761989342806395,
          0.8102579306255558,
          0.8080236278611863
        ]
      },
      "weighted": {
        "mean": 0.7750445916100884,
        "std": 0.05152068684217446,
        "data": [
          0.8046797280765323,
          0.7751254862109895,
          0.824400975200817,
          0.8507702967397834,
          0.7193288433432796,
          0.7733537730826541,
          0.7519926362653873,
          0.7638438979011863,
          0.7009903605995718,
          0.8128226199105039,
          0.7021864821217522,
          0.7304072662642449,
          0.7707054359590974,
          0.7778797421524722,
          0.6958512582752444,
          0.8325145514388362,
          0.8409665221794965,
          0.734692853322422,
          0.8687232504454774,
          0.800717672025569,
          0.7995977294903636,
          0.7574532399337869,
          0.7616987174175414,
          0.7168797062135086,
          0.7193745223054001,
          0.7237730872906254,
          0.8518759207502304,
          0.7820647349533241,
          0.8395995999252153,
          0.6828425136004691,
          0.7611961293336865,
          0.7764461831806154,
          0.798075182188471,
          0.8152868496064368,
          0.7492278277563551,
          0.7394010509470094,
          0.8321023938833525,
          0.8286873828012813,
          0.7906423930552878,
          0.8424373583150666,
          0.8127134873983394,
          0.7077387906552612,
          0.634385341348446,
          0.7843672442823102,
          0.7054257714068817,
          0.7940376711601191,
          0.8409518080013262,
          0.7713725650106432,
          0.8009392202378627,
          0.7996815065398858
        ]
      }
    },
    "precision": {
      "macro": {
        "mean": 0.8137581328425264,
        "std": 0.07647820723476895,
        "data": [
          0.7862791431124554,
          0.8182629477368764,
          0.8484886214147146,
          0.9197722420518278,
          0.7723967900691668,
          0.8440817973385805,
          0.779184317648725,
          0.9021755898072616,
          0.7049865405154482,
          0.851531648130624,
          0.8552499015007202,
          0.6444709072227796,
          0.830759486684904,
          0.7542929054673222,
          0.8160282144387268,
          0.7360236759816285,
          0.8182928012218922,
          0.8295202625199312,
          0.8404503868068102,
          0.8596020558106956,
          0.7760764824489468,
          0.7372084225729724,
          0.8332670062012151,
          0.7970622163024962,
          0.8890333977588676,
          0.8011592401028415,
          0.9360174231628068,
          0.677180906416491,
          0.904121693728646,
          0.7501842070771184,
          0.8768695888698381,
          0.9035692287041689,
          0.6359471670868063,
          0.9379606629908077,
          0.8601988885475869,
          0.7278409046182176,
          0.9061657977037463,
          0.8397593812667465,
          0.839206724501016,
          0.9165933342056929,
          0.8264638150809249,
          0.6828915511061051,
          0.7322666294800334,
          0.8538917646433601,
          0.6869488192672034,
          0.7441884382460533,
          0.8632986221533702,
          0.8524064556100048,
          0.9151803592940645,
          0.7730972774970766
        ]
      },
      "micro": {
        "mean": 0.7820852918216391,
        "std": 0.05028780683851632,