{
  "network": "gin",
  "node_feature": "all",
  "edge_feature": "all",
  "batch_size": 64,
  "patience": 50,
  "hid_dim": 256,
  "num_epochs": 1000,
  "num_layers": 2,
  "lr": 0.001,
  "device": "cuda:0",
  "node_dim": 400,
  "edge_dim": 75,
  "num_class_l1": 9,
  "num_class_l2": 22,
  "num_class_l3": 23,
  "verbose": true,
  "num_materials": 17,
  "material test results": {
    "f1": {
      "macro": {
        "mean": 0.720801942744127,
        "std": 0.06790230472279402,
        "data": [
          0.62388314095161,
          0.7823178234156408,
          0.7682958162278862,
          0.5517787981908081,
          0.6008716480778005,
          0.7188048492071882,
          0.737762819777452,
          0.7333606967721376,
          0.7362341650058792,
          0.6991427925892276,
          0.7053792220365036,
          0.8063419309364354,
          0.7132198840390231,
          0.5956330458784787,
          0.767623460676928,
          0.753427139504384,
          0.7872946504833489,
          0.7596253883122642,
          0.7810074716270632,
          0.7889978570902747,
          0.7277576358138778,
          0.8199742153042326,
          0.7963002120349605,
          0.685262355543448,
          0.7149866046905438,
          0.8136706870808487,
          0.5917833618107193,
          0.7698154360497272,
          0.782003078981569,
          0.6346035149590895,
          0.7239801729458142,
          0.746249302355009,
          0.6665120354083662,
          0.7128216649613667,
          0.7311138843451765,
          0.8371570147998868,
          0.7034557666017455,
          0.8231853241351008,
          0.6508705509268771,
          0.6767871757271683,
          0.7494010579398106,
          0.6926344185071753,
          0.568111739685422,
          0.7690328390633325,
          0.6784949177710029,
          0.7398988738714543,
          0.7837272270359414,
          0.7031784669007344,
          0.6543388207776126,
          0.6819861803780123
        ]
      },
      "micro": {
        "mean": 0.8253361413614317,
        "std": 0.039320617414955766,
        "data": [
          0.8254977876106194,
          0.8634048744998181,
          0.853811149032992,
          0.7035982397100699,
          0.8034807831762146,
          0.7693313003702896,
          0.8386010362694301,
          0.8114495798319328,
          0.7868322981366459,
          0.77176648213387,
          0.8715557439593048,
          0.8810016945961212,
          0.8542797494780794,
          0.779138215210737,
          0.8507223113964687,
          0.8845618915159944,
          0.8599323092944545,
          0.8127053669222344,
          0.8504391468005019,
          0.8461762988908348,
          0.8272727272727273,
          0.861788617886179,
          0.8482500667913438,
          0.7825298081907724,
          0.8068498606133014,
          0.899232842629069,
          0.782442748091603,
          0.8347718865598027,
          0.8259149357072205,
          0.8179551122194514,
          0.8098226466575716,
          0.8637012369172217,
          0.7818651177799291,
          0.8295524218271,
          0.8397583429228999,
          0.8884505807582732,
          0.7959466962798445,
          0.8913983661701105,
          0.7971217269638217,
          0.8688387635756056,
          0.8378309572301426,
          0.8287963266644801,
          0.765811965811966,
          0.8200540175557056,
          0.7778323912509216,
          0.8108348134991118,
          0.8438546150167384,
          0.7703684483653347,
          0.8315661920630112,
          0.8081065759637188
        ]
      },
      "weighted": {
        "mean": 0.8189189250091335,
        "std": 0.04072919914471394,
        "data": [
          0.8146562506576789,
          0.8562997049363127,
          0.8480613348155446,
          0.6878160462633656,
          0.7990378218730868,
          0.7596934168192246,
          0.8390301961916968,
          0.8037325182515204,
          0.7785598541206432,
          0.7653754154072138,
          0.866571310008211,
          0.8764067813616219,
          0.8479596260672556,
          0.7700985477915899,
          0.8472097307007557,
          0.8743883183977599,
          0.8537973644586432,
          0.8044151822100882,
          0.8465522033554104,
          0.8389320334395348,
          0.8218193755330306,
          0.8576740258317086,
          0.8404788921133981,
          0.7826124501616352,
          0.8034901884125595,
          0.8953177309200526,
          0.7772379164167588,
          0.8241953622123188,
          0.8211213285761578,
          0.8173943374631354,
          0.7971442907502572,
          0.8572727298378447,
          0.7703143263170165,
          0.8219708859416623,
          0.8378413592502353,
          0.8806057069764548,
          0.7907465789958394,
          0.8899515042692766,
          0.7878620565510432,
          0.8624256502323829,
          0.8309145343039093,
          0.8282276266767097,
          0.7613634533799842,
          0.8127129902928157,
          0.7731740375418964,
          0.8017241948961946,
          0.8375118342927483,
          0.7564340606380493,
          0.8312076244561781,
          0.7966055400882736
        ]
      }
    },
    "precision": {
      "macro": {
        "mean": 0.850867974260073,
        "std": 0.06873932752381244,
        "data": [
          0.7544319341021266,
          0.9140047278929114,
          0.9129442984120516,
          0.8025253307538597,
          0.7066613315318031,
          0.8817668362597436,
          0.8060588858277111,
          0.8686647350567198,
          0.9250855221069145,
          0.8191088406867397,
          0.75073208473148,
          0.9192149496320918,
          0.8523919437773312,
          0.7400646651065372,
          0.8948397593062076,
          0.8792842783608915,
          0.8718753683679339,
          0.9175798803470843,
          0.9221794280967286,
          0.9380565045769036,
          0.8744576490627873,
          0.8803799526602631,
          0.9223473530021568,
          0.8376443929531183,
          0.8188516833824884,
          0.9146061950134102,
          0.753405329269893,
          0.9121892044302788,
          0.8965854534691229,
          0.6953993193612427,
          0.8170789453621053,
          0.8939684351917744,
          0.7938152920354287,
          0.8544334760538934,
          0.8485390267394446,
          0.9669136673457953,
          0.826094145718307,
          0.8872426939281512,
          0.802384817376427,
          0.7988944996170014,
          0.9039112207183088,
          0.8216530922199617,
          0.6697856750494194,
          0.9397520205849604,
          0.806072657326797,
          0.9202037271014594,
          0.9197673128159365,
          0.8744665352823464,
          0.7900679392725349,
          0.8250156957250645
        ]
      },
      "micro": {
        "mean": 0.8253361413614317,
        "std": 0.039320617414955746,