{
  "network": "gin",
  "node_feature": "all",
  "edge_feature": "all",
  "batch_size": 64,
  "patience": 50,
  "hid_dim": 128,
  "num_epochs": 1000,
  "num_layers": 3,
  "lr": 0.001,
  "device": "cuda:0",
  "node_dim": 400,
  "edge_dim": 75,
  "num_class_l1": 9,
  "num_class_l2": 22,
  "num_class_l3": 23,
  "verbose": true,
  "num_materials": 17,
  "material test results": {
    "f1": {
      "macro": {
        "mean": 0.7035641875940846,
        "std": 0.05852782958543968,
        "data": [
          0.6737165584666233,
          0.6699966433394658,
          0.7461536810558896,
          0.7300847505810897,
          0.7597871916627505,
          0.8061492591506264,
          0.7121171160698472,
          0.6850493534663542,
          0.7429210547914343,
          0.6943731324912925,
          0.6260393072695319,
          0.7426242006058826,
          0.7639599363550755,
          0.7592919766667732,
          0.7370503434712588,
          0.7070408648756268,
          0.7348986816835239,
          0.654074693541745,
          0.682426128552098,
          0.6933161591319775,
          0.6245891657726793,
          0.7508639260593895,
          0.7899401914405374,
          0.7931628578199612,
          0.7945819661499097,
          0.7645871184769181,
          0.55711196205786,
          0.7908112739593853,
          0.6395965853828524,
          0.6515934147465046,
          0.7133958527710668,
          0.7810632057918108,
          0.6152472200856214,
          0.6596685341103303,
          0.7114853446325999,
          0.5937753541492233,
          0.7538437795275261,
          0.7219701343638654,
          0.6676546351920354,
          0.686480236325433,
          0.632628698019902,
          0.739576954124395,
          0.7717495068646432,
          0.6943445456641748,
          0.7094574152631825,
          0.6736240031567249,
          0.6287361947712825,
          0.6269319523113152,
          0.6607806685766673,
          0.6578856489075589
        ]
      },
      "micro": {
        "mean": 0.809116088504777,
        "std": 0.040175377283778096,
        "data": [
          0.7608200455580865,
          0.7980147737765465,
          0.8489594987692997,
          0.8627493495229835,
          0.8684440559440559,
          0.871014916642293,
          0.8284293410692084,
          0.792365998917163,
          0.801588960903199,
          0.8634701340918326,
          0.7409071459135645,
          0.8236921529175051,
          0.8333333333333334,
          0.8971876440756109,
          0.804472049689441,
          0.7981123388581952,
          0.8168279970215935,
          0.8207417582417582,
          0.820267131242741,
          0.7603416066186283,
          0.7569555484489926,
          0.8401627433885498,
          0.857361963190184,
          0.8424462295931588,
          0.8073836276083467,
          0.8178340903657662,
          0.7693506493506493,
          0.8748939779474131,
          0.8123496391339214,
          0.7241187898973078,
          0.806910569105691,
          0.8370004490345758,
          0.7188385269121813,
          0.7904912836767036,
          0.8042452830188679,
          0.7857713828936852,
          0.8530456852791878,
          0.8202607823470411,
          0.7765270345082118,
          0.8220921354034105,
          0.7636924659295449,
          0.7951843043995243,
          0.8304590076943487,
          0.7923998979852078,
          0.8518921862237951,
          0.7497189958786062,
          0.7520997019777838,
          0.82044384667115,
          0.7717421124828531,
          0.7983912817851583
        ]
      },
      "weighted": {
        "mean": 0.8020270556268556,
        "std": 0.04113934473052918,
        "data": [
          0.752579533856734,
          0.7909704493581219,
          0.8415413889969456,
          0.8594975718545722,
          0.8604396118685018,
          0.8641888300791808,
          0.8187492999439117,
          0.790020340827222,
          0.7938074646563468,
          0.8547180622835803,
          0.7314324581790687,
          0.8205232130993988,
          0.8248915542891481,
          0.8919130074003088,
          0.7968653049448146,
          0.7879655318303396,
          0.8105372317867819,
          0.8169357906975819,
          0.8133227954996884,
          0.7534201105325405,
          0.7469351043164736,
          0.8316286583713864,
          0.850037536807754,
          0.8365342161373133,
          0.8015840679819796,
          0.8083170580244166,
          0.7633190614485844,
          0.8716056218772381,
          0.8054952971019128,
          0.7147576989580561,
          0.7961505560002476,
          0.8322613656114938,
          0.708845095281026,
          0.7872556893058696,
          0.7971139336734575,
          0.7809228236767358,
          0.8470198051543616,
          0.8193501266735926,
          0.7734471610219006,
          0.8122750347004088,
          0.7591482672341465,
          0.7813879678257166,
          0.8183162207829222,
          0.7827284491395652,
          0.8484991798680633,
          0.7384620441953742,
          0.7415850127889192,
          0.821164209151216,
          0.7655840092237842,
          0.785301957024078
        ]
      }
    },
    "precision": {
      "macro": {
        "mean": 0.8533452436453769,
        "std": 0.06901166496125803,
        "data": [
          0.8182595656457983,
          0.8309096000389875,
          0.8512808867516561,
          0.8426975339333893,
          0.9527937932330003,
          0.9464482645595612,
          0.881691974350167,
          0.7749398367379813,
          0.9088692170726514,
          0.9220837583426259,
          0.8251549643441346,
          0.9327582393147399,
          0.9289636258747204,
          0.8596804271242438,
          0.8931568236287952,
          0.9162273971093935,
          0.8893953302994065,
          0.8660327910213053,
          0.828857410512171,
          0.8652923000646661,
          0.7806141720640449,
          0.8933652471790108,
          0.9062749481877692,
          0.913673027772843,
          0.9355874630238076,
          0.8862150554128899,
          0.7051249928620412,
          0.9357059079739654,
          0.7970128534731464,
          0.849635939625683,
          0.9271360896707405,
          0.9356385446286293,
          0.7351348426285176,
          0.824426248329057,
          0.9141810216763979,
          0.7083681414383465,
          0.8682301537899912,
          0.8240034863585216,
          0.8113709408828367,
          0.8886647510139557,
          0.8074617222190024,
          0.9011887524922241,
          0.9225649499785118,
          0.8729007424908595,
          0.785574447314455,
          0.8161408951705789,
          0.7521725302943582,
          0.6576988270952632,
          0.7682585609789124,
          0.8074431862830899
        ]
      },
      "micro": {
        "mean": 0.809116088504777,
        "std": 0.040175377283778096,