{
  "network": "sage",
  "node_feature": "all",
  "edge_feature": "all",
  "batch_size": 64,
  "patience": 50,
  "hid_dim": 64,
  "num_epochs": 1000,
  "num_layers": 2,
  "lr": 0.001,
  "device": "cuda:0",
  "node_dim": 400,
  "edge_dim": 75,
  "num_class_l1": 9,
  "num_class_l2": 22,
  "num_class_l3": 23,
  "verbose": true,
  "num_materials": 17,
  "material test results": {
    "f1": {
      "macro": {
        "mean": 0.6346571754541559,
        "std": 0.06376514864496927,
        "data": [
          0.5744421277015681,
          0.5935916635196639,
          0.5045121166535733,
          0.7078527807146949,
          0.6752124087073558,
          0.7197544780838593,
          0.6964901062476471,
          0.6721359315319442,
          0.6775099211715828,
          0.5406230747180445,
          0.5607023184203783,
          0.6562707810139358,
          0.6242873422006832,
          0.5711600252250257,
          0.5727724177778829,
          0.6167818855001631,
          0.681619295006683,
          0.5520811172430743,
          0.5363046450514337,
          0.6096544097487872,
          0.7045068019184142,
          0.5731316130570443,
          0.6111642751155436,
          0.7547755090271672,
          0.6519147425991515,
          0.593520429594909,
          0.737982777318053,
          0.6641819473024287,
          0.5945191863256787,
          0.7422871268776903,
          0.6200167370596581,
          0.6820577255391429,
          0.5854438809072937,
          0.5666897977709725,
          0.6859744889334091,
          0.6457010021699617,
          0.6657346325545282,
          0.7231598144660187,
          0.6254180468781225,
          0.6474793965268681,
          0.5717406822448491,
          0.6063006491127736,
          0.5082638933663205,
          0.6254486415223143,
          0.7245531540265112,
          0.669585096985081,
          0.6425860416059156,
          0.7109906544210531,
          0.6960356688083401,
          0.5579355124346048
        ]
      },
      "micro": {
        "mean": 0.7647097662563138,
        "std": 0.04416829574588451,
        "data": [
          0.7393723569997774,
          0.7545768108251526,
          0.6164158043273753,
          0.7998400852878464,
          0.8024720149253731,
          0.805521472392638,
          0.8404452690166976,
          0.7773419473927088,
          0.7363503649635038,
          0.720194026040337,
          0.7288758265980897,
          0.7885738115095913,
          0.8233766233766234,
          0.6833042176191665,
          0.7343069433768896,
          0.7457713992824192,
          0.8149329929802169,
          0.7075279755849441,
          0.7187881749328121,
          0.755901287553648,
          0.7789355111236271,
          0.7289624873267996,
          0.7565934065934066,
          0.8412050038294613,
          0.7454754380925023,
          0.7690526315789473,
          0.8103165938864629,
          0.7940356744704571,
          0.7800324675324676,
          0.8106155778894473,
          0.795982259326898,
          0.8016696180116367,
          0.7137035150280182,
          0.716113228089276,
          0.7951699463327372,
          0.7470484061393152,
          0.7526573998364676,
          0.7996264674493063,
          0.7492008137169428,
          0.7607541157727031,
          0.7493170834208869,
          0.7658836091831288,
          0.6792316926770708,
          0.7351727694687983,
          0.8112599206349207,
          0.829228624535316,
          0.7751340482573726,
          0.8058628318584071,
          0.7908222688096901,
          0.7525354969574036
        ]
      },
      "weighted": {
        "mean": 0.756187514815553,
        "std": 0.046027797561106705,
        "data": [
          0.7294830412862717,
          0.7455169493589944,
          0.6049079479022236,
          0.7923816812603881,
          0.7958405706840685,
          0.7995401924796551,
          0.8312886628853947,
          0.7718212227454649,
          0.721262501164487,
          0.71235257142248,
          0.719669048287435,
          0.7800129153510416,
          0.8241101202563013,
          0.6689213872603013,
          0.7210769238547099,
          0.7360933327903417,
          0.8053362760878214,
          0.6980912332686606,
          0.7150295697189217,
          0.7451790821531783,
          0.7630187066709493,
          0.715160646504671,
          0.7520665896513147,
          0.838154680412327,
          0.7346449132431477,
          0.7582225498334343,
          0.8051936845279783,
          0.7847145013001008,
          0.78079780106836,
          0.8080458173141816,
          0.787644042724216,
          0.7931292259663323,
          0.7034638286630793,
          0.7032725404270261,
          0.7770279596351632,
          0.739560683605177,
          0.7437502863996487,
          0.7919916728282472,
          0.7367421745600289,
          0.7556720570818424,
          0.733729741379172,
          0.7572484702474651,
          0.6678254312065005,
          0.7285930769910187,
          0.8043174650814924,
          0.8231943380769616,
          0.7724870592803307,
          0.8028997239832117,
          0.782966372338126,
          0.7459244695580093
        ]
      }
    },
    "precision": {
      "macro": {
        "mean": 0.8304207361959111,
        "std": 0.06146439982788344,
        "data": [
          0.7112111449563217,
          0.7215953179586648,
          0.7626250842458744,
          0.8946781660048653,
          0.8844052906810624,
          0.8293528029047852,
          0.9041501476845022,
          0.8772112813163976,
          0.8699620528220747,
          0.8345567735099609,
          0.8230765930494168,
          0.7856738593282281,
          0.770340584462007,
          0.9059658870572784,
          0.784880786965458,
          0.8630445021569433,
          0.8904382622330315,
          0.7942656817621508,
          0.6719313696271522,
          0.7978401300165907,
          0.898729991529668,
          0.843962914745142,
          0.8151040561760404,
          0.8739730371819996,
          0.7989906903569951,
          0.8209543000873996,
          0.9285803425423627,
          0.847927950219245,
          0.7706575628675636,
          0.8755369098959523,
          0.8589163969314241,
          0.8649336871793917,
          0.8980100984690158,
          0.790450278520181,
          0.898244537578679,
          0.8383062044604874,
          0.8357689863518141,
          0.8968347046281411,
          0.8857375617540142,
          0.8610185746576332,
          0.8073012354625366,
          0.8371130893021763,
          0.6557630940103623,
          0.8156351427172964,
          0.8574385915630549,
          0.8392733126413507,
          0.7922634987026042,
          0.8926413584315047,
          0.8319868944221385,
          0.7117760876666164
        ]
      },
      "micro": {
        "mean": 0.7647097662563138,
        "std": 0.0441682957458845,