{
  "network": "sage",
  "node_feature": "all",
  "edge_feature": "all",
  "batch_size": 64,
  "patience": 50,
  "hid_dim": 256,
  "num_epochs": 1000,
  "num_layers": 1,
  "lr": 0.001,
  "device": "cuda:0",
  "node_dim": 400,
  "edge_dim": 75,
  "num_class_l1": 9,
  "num_class_l2": 22,
  "num_class_l3": 23,
  "verbose": true,
  "num_materials": 17,
  "material test results": {
    "f1": {
      "macro": {
        "mean": 0.7322553926014606,
        "std": 0.05368207277478152,
        "data": [
          0.8135795979620184,
          0.7562210886978135,
          0.7331793086071184,
          0.723532441176443,
          0.6932582888243691,
          0.7387605255951935,
          0.7744730939457443,
          0.6203901351265557,
          0.7480284149804954,
          0.8293833383588181,
          0.6836255877216987,
          0.7510308252165613,
          0.7102989180696234,
          0.7484400624577741,
          0.8086848513788533,
          0.7872040601095264,
          0.779433215391665,
          0.6665199933219162,
          0.7436308509793355,
          0.723485457660524,
          0.7366299353716664,
          0.7787950191077246,
          0.6818197222898846,
          0.6608551017423381,
          0.7176401856511991,
          0.8282807130569027,
          0.6857395953647107,
          0.7266325476915082,
          0.8144301874415734,
          0.7497222848968405,
          0.6653513605741472,
          0.7733621511350239,
          0.7506177591641021,
          0.8023975468374869,
          0.6733006849228822,
          0.7820823673616718,
          0.7311584677739531,
          0.67751485929944,
          0.7155873543669673,
          0.6788251183437731,
          0.669463321154872,
          0.8204758773081112,
          0.6650358559734396,
          0.7203950918774642,
          0.78718984899349,
          0.6958327242177595,
          0.5986230045664996,
          0.7613466062328648,
          0.7244300940000037,
          0.7060741877726696
        ]
      },
      "micro": {
        "mean": 0.8377998508811692,
        "std": 0.030978908841808973,
        "data": [
          0.872681281618887,
          0.8490348602708154,
          0.857222376843863,
          0.836520333961756,
          0.8406357388316151,
          0.8612322791712105,
          0.8421052631578947,
          0.8229313753177069,
          0.8635662898252826,
          0.873092758537176,
          0.7996489468405216,
          0.8554973821989529,
          0.820619630304608,
          0.8618991793669402,
          0.8976705490848585,
          0.8623832308042835,
          0.842031686859273,
          0.817054926266296,
          0.8052459016393443,
          0.8254381809568925,
          0.8474460839954598,
          0.9115395520272186,
          0.7936772046589018,
          0.8364444444444444,
          0.8076599326599326,
          0.860637087599545,
          0.7770716206306526,
          0.7755036776463062,
          0.826031746031746,
          0.8477957310991422,
          0.8088485536018151,
          0.8403479236812569,
          0.8588974578691803,
          0.8761666287275209,
          0.8336968375136314,
          0.8410453128746104,
          0.8496103896103896,
          0.8455235204855841,
          0.8282967032967035,
          0.8527004909983632,
          0.8083067092651756,
          0.8843358901897457,
          0.8388110198163364,
          0.8524636058230682,
          0.8226560351938411,
          0.790245135203437,
          0.744414436533268,
          0.8396154819124716,
          0.8583709434773265,
          0.8253202153332095
        ]
      },
      "weighted": {
        "mean": 0.8310349390855908,
        "std": 0.03157037207161549,
        "data": [
          0.8701315147479438,
          0.848281544139848,
          0.851155797346434,
          0.8336379307189552,
          0.8348501354350458,
          0.8506808513975168,
          0.8336350416399341,
          0.8155107815881344,
          0.8544396544147775,
          0.8638517319627923,
          0.7844762046930093,
          0.8490456497274406,
          0.809223033040972,
          0.8512805339768359,
          0.8931961443218539,
          0.8562861429768398,
          0.8384782193020632,
          0.8121401975620787,
          0.7976305911548548,
          0.8182069218236108,
          0.8419682329402235,
          0.9064969460526703,
          0.7863286061771012,
          0.8234130005026452,
          0.8020490652017758,
          0.8568197008063677,
          0.7667341257963651,
          0.7671681574973966,
          0.82108870517052,
          0.8410269502353297,
          0.8102391611691696,
          0.8297740959858037,
          0.8504235839789075,
          0.8719763963093233,
          0.820364058991016,
          0.8365326263577291,
          0.8469675194761093,
          0.8354802485344432,
          0.8187141668653227,
          0.8492850787519823,
          0.8044848513811658,
          0.8777316651997444,
          0.8298791363417597,
          0.8429490567791791,
          0.8206824417906795,
          0.7817448626042355,
          0.740482571084681,
          0.8320365421337366,
          0.8557648953323967,
          0.8170018828608149
        ]
      }
    },
    "precision": {
      "macro": {
        "mean": 0.8643353647782068,
        "std": 0.05696220698575668,
        "data": [
          0.9476661648932162,
          0.8105208086632029,
          0.8579059627884509,
          0.818514584251193,
          0.8324201919907066,
          0.9022888162453773,
          0.9071874891474233,
          0.7699063925771965,
          0.8753781966337371,
          0.9509599384456494,
          0.8576105262474045,
          0.8881968128959592,
          0.8935832805061057,
          0.9369240804280193,
          0.9305384995085944,
          0.9227493744031551,
          0.9361018847691824,
          0.7225356161965195,
          0.8218469175859231,
          0.9050379395663185,
          0.8881181716645781,
          0.9255123743427396,
          0.8336644703719699,
          0.7893254209297914,
          0.8399286057740032,
          0.9479960699746457,
          0.8597331878167306,
          0.8363300804999938,
          0.8977498751171822,
          0.8980293327355734,
          0.7680120042459256,
          0.8852797407299509,
          0.9291667283657621,
          0.9371111332311303,
          0.9037584857138206,
          0.8857621714261837,
          0.805968352140193,
          0.8431168904604501,
          0.8970184549051144,
          0.8752994854932232,
          0.7552401763775125,
          0.895343181850741,
          0.8091846713523602,
          0.8736926730092054,
          0.8687428208229822,
          0.8090626409815109,
          0.7419750863299597,
          0.8863218717215176,
          0.8134698262249911,
          0.8289807765572647
        ]
      },
      "micro": {
        "mean": 0.8377998508811692,
        "std": 0.030978908841808973,