{
  "network": "sage",
  "node_feature": "component",
  "edge_feature": "all",
  "batch_size": 64,
  "patience": 50,
  "hid_dim": 256,
  "num_epochs": 1000,
  "num_layers": 1,
  "lr": 0.001,
  "device": "cuda:0",
  "node_dim": 137,
  "edge_dim": 75,
  "num_class_l1": 9,
  "num_class_l2": 22,
  "num_class_l3": 23,
  "verbose": true,
  "num_materials": 17,
  "material test results": {
    "f1": {
      "macro": {
        "mean": 0.5728906825123229,
        "std": 0.06097181729931314,
        "data": [
          0.626850163121919,
          0.5125074469690403,
          0.5396935646369131,
          0.5635110614533213,
          0.5432468974582301,
          0.6300816966096449,
          0.5599434771521703,
          0.6527649407396215,
          0.5586435082580863,
          0.5880503388337683,
          0.6059430485507139,
          0.5816522393845289,
          0.6247856297109095,
          0.6501734554341252,
          0.5039545107449641,
          0.6404875888810777,
          0.5605185724515696,
          0.6287302927513965,
          0.5559480554390325,
          0.6143238602475098,
          0.591935475300851,
          0.6297285719695522,
          0.5438350757277235,
          0.5746668330455487,
          0.5084399585321557,
          0.7382976314313745,
          0.5085266433090123,
          0.5650004383519444,
          0.4308341268687817,
          0.5117204593228426,
          0.4650820958243518,
          0.4874512910454507,
          0.6363518202188538,
          0.5431013335490583,
          0.6346719584857304,
          0.6512265540419142,
          0.6257701967406677,
          0.5109280484379392,
          0.5908121480585682,
          0.47757872070936497,
          0.6519835797213451,
          0.5560387933700264,
          0.5045122017872685,
          0.511164029147032,
          0.6270241699782828,
          0.5487462675954242,
          0.5200566847567659,
          0.5509952639520748,
          0.6532157395835294,
          0.5530276659241669
        ]
      },
      "micro": {
        "mean": 0.730595810124341,
        "std": 0.05212907164521512,
        "data": [
          0.7967936706225276,
          0.7160574412532638,
          0.7036163522012578,
          0.7460781706992822,
          0.7315379760151485,
          0.780543727481166,
          0.7409376510391493,
          0.8004354136429608,
          0.7094691535150647,
          0.7889072847682119,
          0.7487270875763747,
          0.7590920815063192,
          0.7539582809751194,
          0.7830592475782833,
          0.7122050684532479,
          0.753653444676409,
          0.7560445531105677,
          0.8051370708816992,
          0.7012025901942646,
          0.7175806072016945,
          0.6150094825250609,
          0.7513538968683777,
          0.6811077598025774,
          0.7292899408284025,
          0.7455765710799268,
          0.7965166908563134,
          0.7408849557522124,
          0.7482774460266421,
          0.6334934797529169,
          0.671590349581487,
          0.6105963411736754,
          0.6084604033448107,
          0.8151398793198025,
          0.7302304563940353,
          0.7241784037558685,
          0.7755406413124534,
          0.7544500228206299,
          0.6828093306288032,
          0.7447943118334179,
          0.6469209460899211,
          0.8016194331983806,
          0.661452253093626,
          0.7088342916884475,
          0.7271303958845896,
          0.712337456390739,
          0.7544384600039896,
          0.7384742041712403,
          0.7905282331511839,
          0.7756813417190777,
          0.648036253776435
        ]
      },
      "weighted": {
        "mean": 0.7179851889747034,
        "std": 0.05326820422222355,
        "data": [
          0.7824501232768302,
          0.7000557826362547,
          0.6983011697883051,
          0.7349017247251791,
          0.718838572173085,
          0.7686014526671721,
          0.7279900755837615,
          0.7836560972227777,
          0.6954867225555335,
          0.7794155971463351,
          0.729800126788178,
          0.7499616299668095,
          0.7412030414579648,
          0.7759296126485501,
          0.7016650060118437,
          0.7378543527272452,
          0.7368512670495684,
          0.7940608845577354,
          0.6914939602668174,
          0.7022239872837122,
          0.5974676952674486,
          0.7427723195629156,
          0.6558689461096693,
          0.7195682141880586,
          0.7286617471730797,
          0.7836761327511707,
          0.7287531429372663,
          0.7297590140744856,
          0.623341782490279,
          0.6588987694955754,
          0.6031290821937764,
          0.5864702674443484,
          0.8043459332358874,
          0.7139819929261239,
          0.7191832880670408,
          0.7638618899084902,
          0.7435948721596383,
          0.6735422496882311,
          0.7339049318486968,
          0.6338563508923465,
          0.790743626143028,
          0.6388045254291397,
          0.6954257980169339,
          0.7167369148280703,
          0.7109233231008244,
          0.7437502903981127,
          0.7290272789503385,
          0.785915275983857,
          0.759624850431858,
          0.6329277565048264
        ]
      }
    },
    "precision": {
      "macro": {
        "mean": 0.7761663769218881,
        "std": 0.06949609561405254,
        "data": [
          0.8704738101547962,
          0.7787217854701673,
          0.7468929531369708,
          0.7688939870421769,
          0.7160505193393393,
          0.7800066458483984,
          0.7548947632381316,
          0.8742916039166869,
          0.7349740857856297,
          0.8007394164823808,
          0.8637150764252364,
          0.8131655283443174,
          0.8336955196273104,
          0.8307800908401219,
          0.6441518246177631,
          0.8067024700416525,
          0.7976620953846663,
          0.8282568713237548,
          0.7514058059987614,
          0.8557327401545163,
          0.7799781880418589,
          0.8338711216676533,
          0.8198753768912858,
          0.7438150785289468,
          0.6836300063279699,
          0.9180460421086887,
          0.6603686955888662,
          0.8982645491323182,
          0.6851423811317374,
          0.6698835863394561,
          0.7258101150829726,
          0.7618763364956374,
          0.7998075130831442,
          0.8221410735368835,
          0.8359680981383936,
          0.8185350978565712,
          0.8351735029139404,
          0.6995004353578771,
          0.727246526137723,
          0.7639954983401497,
          0.8058870118502908,
          0.8547305306611374,
          0.6449037529507704,
          0.6892536681891386,
          0.7826925664535194,
          0.7839801992581892,
          0.6796493831249861,
          0.6461641396720885,
          0.8547973934059213,
          0.732123384653507
        ]
      },
      "micro": {
        "mean": 0.730595810124341,
        "std": 0.05212907164521512,