{
  "network": "sage",
  "node_feature": "all",
  "edge_feature": "flow",
  "batch_size": 64,
  "patience": 50,
  "hid_dim": 256,
  "num_epochs": 1000,
  "num_layers": 1,
  "lr": 0.001,
  "device": "cuda:0",
  "node_dim": 400,
  "edge_dim": 74,
  "num_class_l1": 9,
  "num_class_l2": 22,
  "num_class_l3": 23,
  "verbose": true,
  "num_materials": 17,
  "material test results": {
    "f1": {
      "macro": {
        "mean": 0.7451736419282052,
        "std": 0.06383559996291414,
        "data": [
          0.7264592060691093,
          0.7215387288213686,
          0.8079789599868036,
          0.5676888737164425,
          0.7186470313982976,
          0.8450910946305296,
          0.8270608673023898,
          0.6863381252780217,
          0.720118812776387,
          0.7023024386556272,
          0.7219139758315156,
          0.7954799004028449,
          0.8079833963397661,
          0.7364622249013434,
          0.6952542848789737,
          0.7850806558011852,
          0.6874241103502674,
          0.8085240916273551,
          0.8184957795928229,
          0.7625020166337725,
          0.6491804573052011,
          0.765958763804688,
          0.7506525204149098,
          0.6573175435302875,
          0.7961247025378273,
          0.7487607926623936,
          0.6964571192448947,
          0.7047540154691053,
          0.7395519789531995,
          0.8070232636972219,
          0.7673566264295273,
          0.7467220578327051,
          0.9312971555146656,
          0.667567904348847,
          0.7626308988159322,
          0.6552803792471209,
          0.8159706721495902,
          0.7460666629621796,
          0.6197789282083679,
          0.8207118708145315,
          0.7299840392671229,
          0.8013852012302976,
          0.742583429588425,
          0.7745610879060065,
          0.7145786183803772,
          0.6831492738024288,
          0.7935351660463976,
          0.7296210177502541,
          0.7021699496283832,
          0.7956054238725503
        ]
      },
      "micro": {
        "mean": 0.8470804733028581,
        "std": 0.04300191587909599,
        "data": [
          0.8535509483899426,
          0.8651447399388091,
          0.8836869056327725,
          0.7304945054945053,
          0.8354870775347912,
          0.8849631966351209,
          0.8681585332973848,
          0.8319347878206667,
          0.8428728673637864,
          0.8803865238965788,
          0.8661375661375662,
          0.8699481865284974,
          0.9284798769546271,
          0.8169448010269577,
          0.771156462585034,
          0.7925211097708083,
          0.7808541973490427,
          0.9217736875130725,
          0.8990123456790123,
          0.827779072477278,
          0.7718928678904604,
          0.8394538606403014,
          0.8622650840751732,
          0.8310376492194674,
          0.8768971332209107,
          0.8649382716049383,
          0.8392461197339246,
          0.856388088376561,
          0.8412340105342363,
          0.8609779482262704,
          0.8470548862115127,
          0.8855172413793103,
          0.9485313231089161,
          0.7962474347698623,
          0.8483570159857904,
          0.8692653673163419,
          0.8838350785340314,
          0.8710843373493976,
          0.7565844191849183,
          0.880262765004479,
          0.8334328358208956,
          0.8559092030594622,
          0.7755526657997399,
          0.8016463090812532,
          0.8316410861865408,
          0.8676613687966267,
          0.8651838402178847,
          0.8630203291384317,
          0.8173752310536044,
          0.8602425015954053
        ]
      },
      "weighted": {
        "mean": 0.8409045549661245,
        "std": 0.04434024888929844,
        "data": [
          0.8453501986463179,
          0.8601982366596652,
          0.8765270624956717,
          0.7312847978466578,
          0.8365194798039486,
          0.8783313776429383,
          0.8616304495782747,
          0.8265971870102939,
          0.8335418369793235,
          0.8765639469826464,
          0.8668686714473424,
          0.8672376013934101,
          0.9250080149376256,
          0.8089489448944599,
          0.7636168021103648,
          0.7859093551369392,
          0.7745530439237504,
          0.9190976653840957,
          0.896972884199545,
          0.818026644006205,
          0.7601347109321226,
          0.8336888096547261,
          0.8544702983497857,
          0.8249365603170611,
          0.8730142181935706,
          0.8557827184214909,
          0.8328222503433779,
          0.8548507260486177,
          0.8352398628909439,
          0.8521977072667448,
          0.8395860128559123,
          0.8820870386832721,
          0.946616733418503,
          0.7829593352274059,
          0.8387779179296544,
          0.8566564803438519,
          0.877503348914952,
          0.8659156819210312,
          0.7403872596187482,
          0.874689985776988,
          0.8294807751663066,
          0.8442690843009062,
          0.7699178129945343,
          0.7985235657594929,
          0.820644175961008,
          0.8713612675274648,
          0.8584431032247987,
          0.8576325738673415,
          0.8067102103095554,
          0.8531433210065876
        ]
      }
    },
    "precision": {
      "macro": {
        "mean": 0.8579994786595475,
        "std": 0.06586998411937993,
        "data": [
          0.8803024910177819,
          0.8248075108472954,
          0.9367607977750909,
          0.6516437190452349,
          0.7821961470366682,
          0.9482405398865016,
          0.9649201727973264,
          0.7796609957679708,
          0.8369785755434113,
          0.8413653034379697,
          0.8354698081354479,
          0.9062194636879457,
          0.8503412510382219,
          0.8110228156196072,
          0.8155485379149254,
          0.8772588533952826,
          0.774804194393766,
          0.937621397305032,
          0.8809637616043829,
          0.9284791174530761,
          0.7932949560446964,
          0.8953578912752895,
          0.9057337736793266,
          0.8240102552352231,
          0.8750951622931525,
          0.8501640482449893,
          0.8413890607783827,
          0.8322574440292333,
          0.8407381105823791,
          0.9293878040594361,
          0.8759958289324948,
          0.8635201649544861,
          0.9842881268582071,
          0.792567140212915,
          0.9366020484215748,
          0.7943000334688597,
          0.9256806186985855,
          0.7957895545584164,
          0.8062272041398956,
          0.9322383382359881,
          0.8383809064759389,
          0.9440030152503336,
          0.8333343070449799,
          0.8181869517558396,
          0.9007453149834195,
          0.7313446168686647,
          0.9195649729318837,
          0.8455734788591732,
          0.7730097258580589,
          0.9365876245426087
        ]
      },
      "micro": {
        "mean": 0.8470804733028581,
        "std": 0.04300191587909597,