{
  "network": "sage",
  "node_feature": "tier_function",
  "edge_feature": "all",
  "batch_size": 64,
  "patience": 50,
  "hid_dim": 256,
  "num_epochs": 1000,
  "num_layers": 1,
  "lr": 0.001,
  "device": "cuda:0",
  "node_dim": 101,
  "edge_dim": 75,
  "num_class_l1": 9,
  "num_class_l2": 22,
  "num_class_l3": 23,
  "verbose": true,
  "num_materials": 17,
  "material test results": {
    "f1": {
      "macro": {
        "mean": 0.3471584801096686,
        "std": 0.039650150185525444,
        "data": [
          0.33065958521338124,
          0.30351198349454267,
          0.36303791410377256,
          0.32151294073265624,
          0.31221384118584644,
          0.35398921275380013,
          0.40249491125773107,
          0.29286738745621205,
          0.27650564020977103,
          0.38533565484625104,
          0.3437111171555803,
          0.2739010265380216,
          0.2691208442185838,
          0.2922573263053678,
          0.33154057414727334,
          0.3869402656490595,
          0.3281629162304779,
          0.36679753369101087,
          0.406102489477732,
          0.3739143032978428,
          0.33477232238567367,
          0.3685851024880905,
          0.3448591880386251,
          0.31839715183043427,
          0.29690071933334555,
          0.32537597587484757,
          0.36561510505026884,
          0.331169332515642,
          0.3665708859360206,
          0.351918624058276,
          0.34827465088852133,
          0.35422806020477104,
          0.35798016554067613,
          0.33041202748955856,
          0.4419923722603006,
          0.3001832339102469,
          0.27719812689933554,
          0.3803919836238261,
          0.34855194397292266,
          0.377600788261701,
          0.34615339946506407,
          0.3576215238878927,
          0.36688678897768934,
          0.33087283326795536,
          0.3978681709602364,
          0.37922068324102925,
          0.4207540420877403,
          0.32910551587565123,
          0.36987057791071065,
          0.42401524128146256
        ]
      },
      "micro": {
        "mean": 0.4389712893758995,
        "std": 0.04253187266463014,
        "data": [
          0.4255720053835801,
          0.3818565400843882,
          0.40819502074688796,
          0.4511085844229676,
          0.434710351377018,
          0.49752373091209245,
          0.5223329641934293,
          0.40539702233250624,
          0.38168819188191877,
          0.4880461665292663,
          0.4649629018961253,
          0.3384566122318284,
          0.38246471226927253,
          0.42832909245122985,
          0.4296466652728413,
          0.443859649122807,
          0.4556067588325653,
          0.40412426352437064,
          0.4612092027822365,
          0.47358490566037736,
          0.4293606945540647,
          0.48810457516339867,
          0.4407877688520342,
          0.38459995989572887,
          0.3504083147735709,
          0.4068558583871874,
          0.44328736279200676,
          0.41858090862685043,
          0.43819530284301605,
          0.4838642945800579,
          0.44557974233673925,
          0.4357638888888889,
          0.4786381842456609,
          0.4434129089301503,
          0.5069100391134289,
          0.42835595776772245,
          0.35847080387536007,
          0.45539507221750214,
          0.4438940750619166,
          0.4651551312649165,
          0.45010845986984815,
          0.38491202699445654,
          0.45784615384615385,
          0.4012810851544838,
          0.4951758481170246,
          0.4852871381110584,
          0.5160987808690216,
          0.40274279317100475,
          0.43453070683661643,
          0.4962852897473997
        ]
      },
      "weighted": {
        "mean": 0.4219273068696952,
        "std": 0.045780992336270414,
        "data": [
          0.4043607105228707,
          0.36299398475888567,
          0.39529577782584735,
          0.42767680141663744,
          0.4126525399987308,
          0.4780050394715016,
          0.5095800216185769,
          0.37160771338767834,
          0.36688617799666023,
          0.4872649981154148,
          0.44942846636493605,
          0.30321061448144754,
          0.36566587672279705,
          0.4039663223402831,
          0.428113339165128,
          0.4301054537521625,
          0.4293258592999417,
          0.40429210809569155,
          0.44849631558771375,
          0.4549146294097086,
          0.4080497869150002,
          0.47869068648943736,
          0.4145874769582113,
          0.35988183485062475,
          0.32285173261075634,
          0.387125881629849,
          0.42975405875751155,
          0.42102469226381906,
          0.43309314621140277,
          0.47115143982304636,
          0.4235565569046944,
          0.43651252795471157,
          0.44601821598893393,
          0.42223037139916647,
          0.48868848541121485,
          0.39951667103013283,
          0.3266934274457609,
          0.4495642647258072,
          0.43359411656073327,
          0.4342123005720577,
          0.4279951050534833,
          0.37435831769470623,
          0.433219526863486,
          0.39783982549574315,
          0.4815098961845995,
          0.47250666739080904,
          0.500185979954596,
          0.37538501562619714,
          0.422337513340892,
          0.4903870710447603
        ]
      }
    },
    "precision": {
      "macro": {
        "mean": 0.6509824134245749,
        "std": 0.06558281626974266,
        "data": [
          0.5898895299149112,
          0.5426541009109778,
          0.693656614714121,
          0.5298766598807253,
          0.6069626371954318,
          0.6257579919275565,
          0.7529781870031043,
          0.5916316857215553,
          0.5852229043933606,
          0.715075776254019,
          0.6798148269951292,
          0.5022200615541679,
          0.584705955704429,
          0.5421774738096847,
          0.6798845573572444,
          0.762007603136056,
          0.6129968176061174,
          0.7213433885969832,
          0.6451042519771302,
          0.682229636756376,
          0.6357707980763188,
          0.6340179683838638,
          0.6811480962041406,
          0.6011620238123159,
          0.6157408042821804,
          0.6675833195363672,
          0.6233378535458622,
          0.5365234731024054,
          0.7472917409824635,
          0.6232577711561865,
          0.6918028496215638,
          0.6325494569179725,
          0.6747849387581718,
          0.6589265198693572,
          0.7391009491684246,
          0.5883969832928213,
          0.5502783424522235,
          0.7008138248246176,
          0.670224950704444,
          0.7230451078720357,
          0.6277250578674545,
          0.6125726617608458,
          0.7307719595309141,
          0.6844946716443328,
          0.6899694614085934,
          0.6455819939767506,
          0.7256903602863127,
          0.7381803115704272,
          0.7489309864362381,
          0.7032547727740568
        ]
      },
      "micro": {
        "mean": 0.4389712893758995,
        "std": 0.04253187266463014,