{
  "network": "sage",
  "node_feature": "all",
  "edge_feature": "assembly",
  "batch_size": 64,
  "patience": 50,
  "hid_dim": 256,
  "num_epochs": 1000,
  "num_layers": 1,
  "lr": 0.001,
  "device": "cuda:0",
  "node_dim": 400,
  "edge_dim": 5,
  "num_class_l1": 9,
  "num_class_l2": 22,
  "num_class_l3": 23,
  "verbose": true,
  "num_materials": 17,
  "material test results": {
    "f1": {
      "macro": {
        "mean": 0.5428778543006136,
        "std": 0.05902192170648937,
        "data": [
          0.506718508042236,
          0.5866931032008444,
          0.5331165671717657,
          0.5644895882992917,
          0.5511041847669699,
          0.5483001520326236,
          0.5332672838968752,
          0.5563265018115379,
          0.5977807994556816,
          0.5546816792227955,
          0.4644561562472407,
          0.6122416871242911,
          0.6066016390568462,
          0.6073817681086433,
          0.5008303083215274,
          0.4542084721666689,
          0.5626866178161773,
          0.4478915440555794,
          0.572923547978462,
          0.5540035422574736,
          0.4407679358030084,
          0.6343839383019645,
          0.5800100722645338,
          0.5245440099845833,
          0.5999704767181432,
          0.5270850637082076,
          0.5482311691146932,
          0.4844896841545969,
          0.5509038018467931,
          0.5352498286941929,
          0.6891094391917909,
          0.49288477580503265,
          0.5507038694466644,
          0.5785088712316551,
          0.5370486122531336,
          0.6126879364764377,
          0.5212728741366421,
          0.5056831255866931,
          0.5900522565328596,
          0.43988690310123246,
          0.5101996177689556,
          0.4759431706881597,
          0.6458561764027856,
          0.4901212053988472,
          0.44757996862283306,
          0.560781777470874,
          0.6200520945676308,
          0.4370378309301472,
          0.4790647947297192,
          0.6180777830643436
        ]
      },
      "micro": {
        "mean": 0.6850913527241512,
        "std": 0.04708275487992223,
        "data": [
          0.7063718497384689,
          0.6797636632200886,
          0.668856767411301,
          0.6703045685279188,
          0.6595900439238653,
          0.7522246941045607,
          0.6694196428571428,
          0.6829936111956191,
          0.6857224935363402,
          0.6858583178561953,
          0.6784876140808345,
          0.7019009216589862,
          0.7010367049593724,
          0.7025518341307815,
          0.6969765342960289,
          0.638917004048583,
          0.6499219156689224,
          0.6085723290261582,
          0.7242940288855355,
          0.6898783836798744,
          0.5593943271486458,
          0.7339789233836513,
          0.6646023468057366,
          0.6399767914128227,
          0.7222712562518389,
          0.6455566905005107,
          0.7265925176946411,
          0.7255563047875927,
          0.7015990862364363,
          0.6649580615097856,
          0.7407183821309989,
          0.6508018623900672,
          0.6704771371769384,
          0.7543160690571048,
          0.7087924443445021,
          0.7396825396825397,
          0.7100666878374087,
          0.674048658764816,
          0.694021101992966,
          0.5412004069175992,
          0.6500641299700727,
          0.6417764763299171,
          0.7356678029129223,
          0.7172774869109948,
          0.6747479596735477,
          0.6727839970636814,
          0.7540751240255138,
          0.6593816631130064,
          0.621840490797546,
          0.8046979865771812
        ]
      },
      "weighted": {
        "mean": 0.6702071783135543,
        "std": 0.0495158964841169,
        "data": [
          0.6960566038644669,
          0.6649123290021607,
          0.6586901621682071,
          0.6561330371470026,
          0.648667160434625,
          0.7424871287357604,
          0.6543954218247606,
          0.666876826788967,
          0.6733977777835249,
          0.672330759541511,
          0.6479527312034612,
          0.6909423473019004,
          0.6985745242788884,
          0.6953759543988929,
          0.6781584859310151,
          0.6197774492277303,
          0.6417250436776872,
          0.5878492562283527,
          0.7078754496124127,
          0.6719792810459635,
          0.5301148145118155,
          0.7260967685945638,
          0.6505126402797022,
          0.6273286448672942,
          0.7211030790831606,
          0.6327121758975505,
          0.7115500305643085,
          0.7087535467628632,
          0.6835277741355128,
          0.6398425418436341,
          0.7259172874732842,
          0.6203682109495662,
          0.6619738634628418,
          0.7399364615781783,
          0.698970198865225,
          0.7253788002571993,
          0.6972568021050087,
          0.6569115787720746,
          0.680080278727822,
          0.5243459744107204,
          0.6343028159198434,
          0.6196389496354024,
          0.7231313495864209,
          0.6999525457927679,
          0.6505635268167274,
          0.6555241438028742,
          0.7412605880459537,
          0.6463521158944483,
          0.6120082787209696,
          0.790785398122686
        ]
      }
    },
    "precision": {
      "macro": {
        "mean": 0.796786489692504,
        "std": 0.05056933440467488,
        "data": [
          0.7497384996383624,
          0.8924773227582313,
          0.7157513578201582,
          0.8332731974485805,
          0.7550879335209779,
          0.7769722531864856,
          0.7831197127094356,
          0.7786314730016591,
          0.822379155688363,
          0.8372693198263901,
          0.7635844136985901,
          0.8384563969575487,
          0.776321592673513,
          0.816769776611274,
          0.7626159407288275,
          0.7595749983986626,
          0.8309002609040416,
          0.6845184360827499,
          0.8957407545876164,
          0.8241218304464193,
          0.7981363010433682,
          0.8964251343545683,
          0.8606925267753567,
          0.7525022988030432,
          0.8250300559685473,
          0.7743443220805948,
          0.7464885484250352,
          0.7402359925430111,
          0.8188548729041087,
          0.7890831240713622,
          0.8877137132517989,
          0.8064192216063069,
          0.7270540296259513,
          0.8384875712479939,
          0.8195549281504235,
          0.8190275614730668,
          0.781649469260044,
          0.8275910385110659,
          0.8662234404602615,
          0.7601573806253588,
          0.8239316425430441,
          0.7691368682137486,
          0.8604963305328741,
          0.771576987216513,
          0.7108935655187774,
          0.779446448245024,
          0.8134568766722887,
          0.692963309774198,
          0.76675595220502,
          0.817690345834556
        ]
      },
      "micro": {
        "mean": 0.6850913527241512,
        "std": 0.04708275487992223,