{
  "network": "sage",
  "node_feature": "type",
  "edge_feature": "all",
  "batch_size": 64,
  "patience": 50,
  "hid_dim": 256,
  "num_epochs": 1000,
  "num_layers": 1,
  "lr": 0.001,
  "device": "cuda:0",
  "node_dim": 2,
  "edge_dim": 75,
  "num_class_l1": 9,
  "num_class_l2": 22,
  "num_class_l3": 23,
  "verbose": true,
  "num_materials": 17,
  "material test results": {
    "f1": {
      "macro": {
        "mean": 0.07342328399607831,
        "std": 0.042647955997449256,
        "data": [
          0.07556498582099547,
          0.08891197394246704,
          0.051697500813602894,
          0.03868586239254395,
          0.0568018539408348,
          0.08755830730236352,
          0.12079180575256779,
          0.09264270035169084,
          0.06895046526830922,
          0.050227746574390025,
          0.020925151295437556,
          0.03165025030632006,
          0.1515299630638979,
          0.02371432515266234,
          0.11463330638486624,
          0.06422533697988007,
          0.1705643678991061,
          0.04935799816403647,
          0.04095793571966029,
          0.06684370367812079,
          0.05931866546114664,
          0.15145425811474653,
          0.019433748687982345,
          0.023547057652738963,
          0.06041103280164444,
          0.10706345910986845,
          0.014800939999665641,
          0.08442884104363642,
          0.06802834015400862,
          0.026782848815006397,
          0.08390550355728536,
          0.031057733301421992,
          0.14526633985952697,
          0.0731005429659118,
          0.030296714445659963,
          0.0836687522956299,
          0.18668982092215722,
          0.08162681501874304,
          0.05418145794994658,
          0.012194905637224049,
          0.02413027052983612,
          0.07708219547188654,
          0.1514056276270065,
          0.06553166304269731,
          0.08467208934192176,
          0.07069297745525863,
          0.10291162658437902,
          0.038637431221404346,
          0.13342477418215243,
          0.059182225749668686
        ]
      },
      "micro": {
        "mean": 0.10437624096698368,
        "std": 0.06972016959148883,
        "data": [
          0.0820051413881748,
          0.21706772513024064,
          0.07551867219917012,
          0.07680812910938434,
          0.15156215377797475,
          0.17399034798069596,
          0.160056258790436,
          0.1787694745180882,
          0.0665904544155473,
          0.03330790744978388,
          0.014043583535108959,
          0.03125,
          0.1050597329585383,
          0.04680390032502708,
          0.1669481302774427,
          0.07535197303192544,
          0.21276150627615062,
          0.09150043365134432,
          0.11227080394922426,
          0.09105388903636846,
          0.07801272839252721,
          0.33857285429141715,
          0.10306183710226134,
          0.01700318809776833,
          0.05728587319243604,
          0.16305343511450382,
          0.03038674033149171,
          0.05788326471300556,
          0.17068720859517536,
          0.042105263157894736,
          0.11068569439610164,
          0.04828775560482878,
          0.16677696889477167,
          0.07417433676231727,
          0.02681704260651629,
          0.11180382377389858,
          0.26170863732642974,
          0.03587716631194892,
          0.12448361332966125,
          0.004752646359904947,
          0.04184782608695652,
          0.060515603799185885,
          0.2377581120943953,
          0.08064975776574522,
          0.1299115913555992,
          0.06271564846762737,
          0.15627597672485452,
          0.04041994750656168,
          0.1233696814197135,
          0.09920760697305864
        ]
      },
      "weighted": {
        "mean": 0.12876411380414152,
        "std": 0.08022505827555475,
        "data": [
          0.11134846516129417,
          0.24283770772178778,
          0.10995262343431113,
          0.08511922135673149,
          0.21343556623112153,
          0.20643243856111684,
          0.23687101498750449,
          0.15268031102618662,
          0.07104770222239129,
          0.055950613651711514,
          0.014954835659980618,
          0.04730370719002651,
          0.10014619607786414,
          0.07837181782463488,
          0.1681234548157534,
          0.10423815049739649,
          0.2944858829681589,
          0.07499859657937243,
          0.1909745176006782,
          0.0954308774555394,
          0.08458778670927113,
          0.3518389965281642,
          0.12062492573438034,
          0.024736119008752947,
          0.08331985662310647,
          0.19698188632923022,
          0.05248366925742709,
          0.06165453548132727,
          0.23473369373912073,
          0.07596171773334345,
          0.15135812016249753,
          0.08738798277114669,
          0.13852372280719638,
          0.08537392646697363,
          0.04681100147738511,
          0.1527349338866934,
          0.30074290363332407,
          0.046028660814873876,
          0.17655175111041005,
          0.008882827472807763,
          0.07428417224696873,
          0.09437523362581114,
          0.3052832845431383,
          0.09712713951588021,
          0.14339020867824878,
          0.061120904311876945,
          0.2128309203420952,
          0.059022296375876165,
          0.14215574393327118,
          0.11259306786291497
        ]
      }
    },
    "precision": {
      "macro": {
        "mean": 0.16989797899650205,
        "std": 0.05964534067143328,
        "data": [
          0.24444215123748309,
          0.1460040675537667,
          0.15591796033181102,
          0.10932358514632178,
          0.09981181430515441,
          0.19883279457310235,
          0.22149683474023474,
          0.1724523126482152,
          0.18335505906960262,
          0.160289668117161,
          0.10884599718827345,
          0.12760772186781155,
          0.3227313317819093,
          0.10400816534114007,
          0.2154876787667344,
          0.20980275793992795,
          0.2805685244184651,
          0.21605014303608175,
          0.1209367482985644,
          0.14032716172773194,
          0.12666941552912028,
          0.1795816306756941,
          0.07134290833429661,
          0.08447578585408869,
          0.28809400919453176,
          0.1796945919069143,
          0.05371416473619202,
          0.1901637944696332,
          0.1269870048899975,
          0.15384449528806857,
          0.14634772210284147,
          0.08457243266566743,
          0.28537784652045306,
          0.1424838349907958,
          0.16348613067077977,
          0.1662092258605216,
          0.21073956245705114,
          0.2015680728379847,
          0.16032772238783016,
          0.08070175438596491,
          0.11365688908792357,
          0.22493324633057005,
          0.21998197582067833,
          0.13276520418466137,
          0.19661258925769862,
          0.16621080103061678,
          0.22535993016664463,
          0.1967889841407256,
          0.2525249089352521,
          0.13138983702241272
        ]
      },
      "micro": {
        "mean": 0.10437624096698368,
        "std": 0.06972016959148883,