{
  "network": "sage",
  "node_feature": "name",
  "edge_feature": "all",
  "batch_size": 64,
  "patience": 50,
  "hid_dim": 256,
  "num_epochs": 1000,
  "num_layers": 1,
  "lr": 0.001,
  "device": "cuda:0",
  "node_dim": 160,
  "edge_dim": 75,
  "num_class_l1": 9,
  "num_class_l2": 22,
  "num_class_l3": 23,
  "verbose": true,
  "num_materials": 17,
  "material test results": {
    "f1": {
      "macro": {
        "mean": 0.4609122551794973,
        "std": 0.049494634985635236,
        "data": [
          0.49815331891750475,
          0.4089216813440926,
          0.4332718181041844,
          0.5190870006981542,
          0.5363511532686751,
          0.4134425060403713,
          0.4494325423123088,
          0.5247572021829162,
          0.42498433901093124,
          0.4758838693560007,
          0.436845338272922,
          0.4754463545224113,
          0.46704395725486514,
          0.46719289074318876,
          0.46703145123778894,
          0.4665506378365716,
          0.42664376185694175,
          0.4275929277723973,
          0.4733860213790446,
          0.4402066819128411,
          0.48643395256584016,
          0.43093837803134083,
          0.44921119151078004,
          0.481058951368546,
          0.38472804100096936,
          0.5044968564576554,
          0.3686061331132884,
          0.4506846103632667,
          0.4536281053317465,
          0.4937113619807004,
          0.4264550267047771,
          0.4935159243106501,
          0.4484981430338176,
          0.4461681117517876,
          0.4759087265523612,
          0.5094580221022177,
          0.5659169277430274,
          0.4796432229516947,
          0.37068485943464274,
          0.4535729481528398,
          0.4200306074097975,
          0.5224841788471586,
          0.4590811344594171,
          0.39219459450415206,
          0.5356185608721081,
          0.45198077945174886,
          0.40435459648083727,
          0.3997715814065953,
          0.4251588736685549,
          0.6293929033884361
        ]
      },
      "micro": {
        "mean": 0.5612251214628068,
        "std": 0.04980595902186757,
        "data": [
          0.5950731331793687,
          0.4946926684769193,
          0.5668554543215957,
          0.6612903225806451,
          0.6416717885679164,
          0.5331105710814095,
          0.5025728987993139,
          0.5969026548672567,
          0.5449465500485908,
          0.626751354380721,
          0.5132414094987963,
          0.580917534477906,
          0.5266575529733425,
          0.5308604439039222,
          0.5763188745603751,
          0.5348107882082375,
          0.5080407701019253,
          0.5457853244390539,
          0.5881374722838137,
          0.5585447875267502,
          0.6086266207991532,
          0.5260951582477468,
          0.5818508894663202,
          0.6137142857142858,
          0.44967880085653106,
          0.5527980535279805,
          0.4479695431472081,
          0.5155732273028496,
          0.5846610856062652,
          0.6059770114942529,
          0.5107057890563045,
          0.5607622617931897,
          0.5569970225435985,
          0.5824947343786567,
          0.5442655935613682,
          0.6092017738359202,
          0.6406052963430012,
          0.6219816819317235,
          0.5108877721943048,
          0.5495187165775401,
          0.5355983553343432,
          0.5988191423244251,
          0.5804597701149425,
          0.56,
          0.5937984496124031,
          0.5743068710177373,
          0.49492330957010156,
          0.49461262185736277,
          0.5448773448773448,
          0.6823125357756153
        ]
      },
      "weighted": {
        "mean": 0.5471642399136303,
        "std": 0.05222651407507453,
        "data": [
          0.5832509946594778,
          0.48650923276936947,
          0.5701430686889221,
          0.6413841055606498,
          0.6283040418999764,
          0.5079967657985114,
          0.4929551945255748,
          0.5854004485445031,
          0.5176874560295069,
          0.6049891851539619,
          0.48896589061540363,
          0.5647657570995175,
          0.5157404636990527,
          0.5165142199918369,
          0.5633515945252855,
          0.525109459433661,
          0.4955927202350152,
          0.5165553604400864,
          0.5793192488725165,
          0.5459819078521337,
          0.602824561368444,
          0.5153298595910046,
          0.5781998987285389,
          0.5974004265126382,
          0.4274079092601702,
          0.5463227472484209,
          0.4334273734489928,
          0.5054680505521101,
          0.5673522208485845,
          0.5928352447174519,
          0.48865995625172104,
          0.5496525606767301,
          0.5449769104902581,
          0.5615795337608268,
          0.5393230466347695,
          0.5943324860147561,
          0.6225020269741034,
          0.6113224621631873,
          0.479357532187785,
          0.5440304129126349,
          0.5109903541753942,
          0.5878330931541962,
          0.5698930330249434,
          0.5430626016495024,
          0.5980497100218722,
          0.5571998588311331,
          0.48326396937690586,
          0.46286152464006014,
          0.5336770781045098,
          0.6785584359649074
        ]
      }
    },
    "precision": {
      "macro": {
        "mean": 0.7570468550584603,
        "std": 0.05307394117140072,
        "data": [
          0.8591529381104389,
          0.6889011417566583,
          0.6922465378184491,
          0.7887781736888423,
          0.8182194342298345,
          0.6582705999671951,
          0.7889372382789266,
          0.8181469377769941,
          0.7044378004691472,
          0.8013511801283568,
          0.6965055570980614,
          0.8059959483480534,
          0.8082582349943379,
          0.7906252210703415,
          0.7237703919273597,
          0.8056268889290789,
          0.7548545061030653,
          0.7536991141146597,
          0.7347971977549042,
          0.6754822700557364,
          0.7800946723527764,
          0.7255684290834933,
          0.7415168801647606,
          0.8221493240773626,
          0.7230638546847757,
          0.7981986609481251,
          0.7945217802166789,
          0.739661791694934,
          0.8087854428095347,
          0.7836221963412693,
          0.7780193021972238,
          0.6402702414282471,
          0.7409606964746194,
          0.7668462898855137,
          0.7708129485878376,
          0.7488740238898217,
          0.8104082305236587,
          0.771173859430532,
          0.637650820817687,
          0.7614146346973658,
          0.7075302606543373,
          0.8373055849161174,
          0.6788881710751283,
          0.7245874371804504,
          0.800078148294032,
          0.8034270912242919,
          0.7879798954870488,
          0.6914684446233836,
          0.7005334881191041,
          0.8088728384224589
        ]
      },
      "micro": {
        "mean": 0.5612251214628068,
        "std": 0.04980595902186757,