{
  "network": "sage",
  "node_feature": "all",
  "edge_feature": "all",
  "batch_size": 64,
  "patience": 50,
  "hid_dim": 256,
  "num_epochs": 1000,
  "num_layers": 1,
  "lr": 0.001,
  "device": "cuda:0",
  "node_dim": 400,
  "edge_dim": 75,
  "num_class_l1": 9,
  "num_class_l2": 22,
  "num_class_l3": 23,
  "verbose": true,
  "num_materials": 17,
  "material test results": {
    "f1": {
      "macro": {
        "mean": 0.166772973611922,
        "std": 0.019721999415683752,
        "data": [
          0.14999972347194385,
          0.1869426272347759,
          0.18563528608964608,
          0.14687494136477214,
          0.18282905844893152,
          0.15941241252209948,
          0.171138697829542,
          0.157547506422298,
          0.17782701491433214,
          0.18936583611936417,
          0.18244551111211116,
          0.1846364594924197,
          0.17287375014086054,
          0.16994095001960613,
          0.17775396795079698,
          0.2106729450112638,
          0.13195100088427308,
          0.1600859833067487,
          0.20499409877475122,
          0.16723042287550732,
          0.15984885716868627,
          0.16999293824329959,
          0.1511117105357857,
          0.15602807822564385,
          0.17242235484650859,
          0.16212456278045306,
          0.18094228480379643,
          0.1336186515600839,
          0.17930179851178135,
          0.15020154365631458,
          0.1778100742070175,
          0.17351834046641607,
          0.14666258505777302,
          0.14410161551854062,
          0.15148124847973743,
          0.15503537700789574,
          0.12697556048622693,
          0.15024489320137396,
          0.169101860485721,
          0.1397029964403643,
          0.23487704383451158,
          0.1805942794392258,
          0.1508090609454941,
          0.1557764089330603,
          0.16449830441033617,
          0.1688615482972938,
          0.171857891869927,
          0.15914508446437275,
          0.1624282822289828,
          0.16941525050343045
        ]
      },
      "micro": {
        "mean": 0.45302661770081193,
        "std": 0.027719253481707774,
        "data": [
          0.4128227444154337,
          0.47646145887221936,
          0.47753491196114145,
          0.41301546391752575,
          0.5164330594490092,
          0.43184389140271495,
          0.44279907084785136,
          0.4419604471195185,
          0.44102835939570634,
          0.4871313672922252,
          0.47437810945273634,
          0.47118279569892474,
          0.4647840531561462,
          0.4444234404536862,
          0.4846215565659267,
          0.49948843871495807,
          0.41323487645555246,
          0.4300059066745423,
          0.47972701726214373,
          0.42900997697620874,
          0.4616384915474642,
          0.4492216456634544,
          0.43411927877947293,
          0.4375423537384233,
          0.47587653581060835,
          0.4612042209807573,
          0.45520651541593943,
          0.4661297963050687,
          0.4794007490636704,
          0.42934455802766086,
          0.4507138001359619,
          0.48662983425414363,
          0.42384916748285995,
          0.43147418619116734,
          0.46070038910505834,
          0.4725168756027001,
          0.4066401062416999,
          0.4631245043616178,
          0.4238216311363192,
          0.4192503470615455,
          0.5360824742268041,
          0.4513020833333333,
          0.451155691234191,
          0.44497742663656886,
          0.443019943019943,
          0.45974994516341305,
          0.4312742192842489,
          0.4308510638297872,
          0.4074662430500397,
          0.4751598622725037
        ]
      },
      "weighted": {
        "mean": 0.470236903701227,
        "std": 0.03159030444045559,
        "data": [
          0.433928102385706,
          0.4947956058348948,
          0.4976529553360553,
          0.4327531368218174,
          0.526644670793592,
          0.44076838295016824,
          0.46096375132099776,
          0.45482311628969957,
          0.4742462577974385,
          0.5045309236038055,
          0.505709432323527,
          0.48355177928497406,
          0.4993964652592118,
          0.45081835372253437,
          0.5152264783117998,
          0.5115661102193833,
          0.4214506279110945,
          0.4621543322651234,
          0.49939264040560893,
          0.43534955835036493,
          0.47407647696161087,
          0.48365949202906655,
          0.4591354260394624,
          0.445992843509624,
          0.5126553802682158,
          0.4835779973109566,
          0.46351530026803445,
          0.4818602877171252,
          0.5034153587331545,
          0.4390003776620049,
          0.4540584658226636,
          0.5010633675110872,
          0.4244168479327861,
          0.446977384303586,
          0.482673448428606,
          0.4909133655568078,
          0.40710154049121156,
          0.49655361305592954,
          0.42044436940617974,
          0.4456156761458856,
          0.5426509354493606,
          0.49411830445341565,
          0.4866278105537571,
          0.46800032555260346,
          0.46260101830929196,
          0.46577282803383313,
          0.43068500254553216,
          0.4227445467824046,
          0.42872594282345683,
          0.48748877021589704
        ]
      }
    },
    "precision": {
      "macro": {
        "mean": 0.17930516351145212,
        "std": 0.021284248451303403,
        "data": [
          0.1645782975033448,
          0.2011708130122104,
          0.20858433624981476,
          0.16108123136223812,
          0.21064335312920193,
          0.16337883596417396,
          0.2074228977028983,
          0.16109610030415755,
          0.20420824044806585,
          0.20892565833120502,
          0.2013337183170377,
          0.18159701081437918,
          0.1856892046781723,
          0.1746109214662214,
          0.178926935220679,
          0.2075549857439155,
          0.1472901443553009,
          0.17732394249915387,
          0.2086517399746763,
          0.1898860374629443,
          0.16570753009750622,
          0.1774732082952629,
          0.16820666043704452,
          0.16297876753448984,
          0.17881574420003823,
          0.16383618103381653,
          0.20329930984496794,
          0.13261862091110693,
          0.19730988826683432,
          0.167890354228504,
          0.21688604997669758,
          0.17344758773964059,
          0.1575794700096426,
          0.15839987349131557,
          0.1722132653343147,
          0.17973647286619054,
          0.1482275659669876,
          0.18032982767704514,
          0.1833079557585015,
          0.15512635709927275,
          0.23953716536425887,
          0.19816044273297825,
          0.15689672494147397,
          0.17023758590001306,
          0.1606852187202668,
          0.1600927772001692,
          0.172212902777945,
          0.1729992914621039,
          0.16591008947192137,
          0.18118088169250265
        ]
      },
      "micro": {
        "mean": 0.45302661770081193,
        "std": 0.027719253481707774,