{
  "network": "sage",
  "node_feature": "all",
  "edge_feature": "all",
  "batch_size": 64,
  "patience": 50,
  "hid_dim": 256,
  "num_epochs": 1000,
  "num_layers": 1,
  "lr": 0.001,
  "device": "cuda:0",
  "node_dim": 504,
  "edge_dim": 75,
  "num_class_l1": 34,
  "num_class_l2": 41,
  "num_class_l3": 17,
  "verbose": true,
  "num_materials": 17,
  "material test results": {
    "f1": {
      "macro": {
        "mean": 0.777566414771952,
        "std": 0.08047900600900358,
        "data": [
          0.8293123158872884,
          0.8219853261274822,
          0.6769276238743064,
          0.827656812070134,
          0.8723112120532738,
          0.8448167488612848,
          0.7009721663408063,
          0.8250661355862056,
          0.7587513626243169,
          0.6178644442944216
        ]
      },
      "micro": {
        "mean": 0.8720513406793264,
        "std": 0.03844572972110812,
        "data": [
          0.9156296665007466,
          0.8996110841030628,
          0.8084063047285464,
          0.8914988814317674,
          0.916146540027137,
          0.8752845939792564,
          0.8647613435474366,
          0.8457532051282052,
          0.8973518284993695,
          0.8060699588477365
        ]
      },
      "weighted": {
        "mean": 0.8670887611580926,
        "std": 0.039778863123809585,
        "data": [
          0.9138760296735825,
          0.8955889080447694,
          0.7984999899929536,
          0.887861051108391,
          0.9135052275193586,
          0.8701499762827488,
          0.856013692547575,
          0.8371665064799285,
          0.8930349746571017,
          0.8051912552745168
        ]
      }
    },
    "precision": {
      "macro": {
        "mean": 0.8655956174160299,
        "std": 0.08456781626034919,
        "data": [
          0.9289015925151768,
          0.9078833954367159,
          0.863291890780418,
          0.9357428464180144,
          0.935108763228066,
          0.9247103572324459,
          0.7768511844524617,
          0.9089456637749304,
          0.8071671175345706,
          0.6673533627874997
        ]
      },
      "micro": {
        "mean": 0.8720513406793262,
        "std": 0.038445729721108095,
        "data": [
          0.9156296665007466,
          0.8996110841030627,
          0.8084063047285464,
          0.8914988814317674,
          0.916146540027137,
          0.8752845939792563,
          0.8647613435474366,
          0.8457532051282052,
          0.8973518284993695,
          0.8060699588477366
        ]
      },
      "weighted": {
        "mean": 0.8798297734836549,
        "std": 0.0350007123305962,
        "data": [
          0.921567688161236,
          0.9025067174362787,
          0.8277796337730738,
          0.8986701591166758,
          0.9191624913209779,
          0.8783572491648113,
          0.8719206357225989,
          0.8604212250812885,
          0.9040675811763343,
          0.813844353883274
        ]
      }
    },
    "recall": {
      "macro": {
        "mean": 0.75212666306018,
        "std": 0.06634818443539017,
        "data": [
          0.7823000016051002,
          0.8069632474979158,
          0.6338211244026878,
          0.7709882550809959,
          0.8387734012838771,
          0.8002705340636145,
          0.699160827965576,
          0.7792228135078315,
          0.7678213427596512,
          0.6419450824345494
        ]
      },
      "micro": {
        "mean": 0.8720513406793262,
        "std": 0.038445729721108095,
        "data": [
          0.9156296665007466,
          0.8996110841030627,
          0.8084063047285464,
          0.8914988814317674,
          0.916146540027137,
          0.8752845939792563,
          0.8647613435474366,
          0.8457532051282052,
          0.8973518284993695,
          0.8060699588477366
        ]
      },
      "weighted": {
        "mean": 0.8720513406793262,
        "std": 0.038445729721108095,
        "data": [
          0.9156296665007466,
          0.8996110841030627,
          0.8084063047285464,
          0.8914988814317674,
          0.916146540027137,
          0.8752845939792563,
          0.8647613435474366,
          0.8457532051282052,
          0.8973518284993695,
          0.8060699588477366
        ]
      }
    }
  }
}